LOCATION,Time,Value,,,,,
AUS,2016,3.84,,,,,
AUT,2017,7.37,,,,,
BEL,2018,5.64,,,,,
CAN,2018,2.5,,,,,
CZE,2017,6.63,,,,,
DNK,2018,2.5,,,,,
FIN,2017,3.28,,,,,
FRA,2017,5.98,,,,,
DEU,2017,8,,,,,
GRC,2017,4.21,,,,,
HUN,2017,7.02,,,,,
ISL,2018,2.91,,,,,
IRL,2017,2.96,,,,,
ITA,2017,3.18,,,,,
JPN,2017,13.05,,,,,
KOR,2017,12.27,,,,,
LUX,2018,4.51,,,,,
MEX,2017,1.38,,,,,
NLD,2017,3.32,,,,,
NZL,2018,2.61,,,,,
NOR,2017,3.6,,,,,
POL,2017,6.62,,,,,
PRT,2017,3.39,,,,,
SVK,2017,5.82,,,,,
ESP,2017,2.97,,,,,
SWE,2017,2.22,,,,,
CHE,2017,4.53,,,,,
TUR,2017,2.81,,,,,
GBR,2017,2.54,,,,,
USA,2016,2.77,,,,,
BRA,2012,2.3,,,,,
CHL,2017,2.11,,,,,
CHN,2017,4.34,,,,,
EST,2017,4.69,,,,,
IND,2017,0.53,,,,,
IDN,2017,1.04,,,,,
ISR,2018,2.99,,,,,
RUS,2017,8.05,,,,,
SVN,2017,4.5,,,,,
ZAF,2010,2.32,,,,,
COL,2018,1.71,,,,,
LVA,2017,5.57,,,,,
LTU,2017,6.56,,,,,
CRI,2017,1.13,,,,,
,,,,,,,
,,,,,,,
,,,,,,,
,,,,,,,
,,,,,,,
,,,,,,,
,,,,,,,
,,,,,,,
,,,,,,,
,,,,,,,
,,,,,,,
,,,,,,,
,,,,,,,
,,,,,,,
,,,,,,,
,,,,,,,
,,,,,,,
,,,,,,,
,,,,,,,
,,,,,,,
,,,,,,,
,,,,,,,
,,,,,,,
,,,,,,,
,,,,,,,
,,,,,,,
,,,,,,,
,,,,,,,
,,,,,,,
,,,,,,,
,,,,,,,
,,,,,,,
,,,,,,,
,,,,,,,
,,,,,,,
,,,,,,,
,,,,,,,
,,,,,,,
,,,,,,,
,,,,,,,
,,,,,,,
,,,,,,,
,,,,,,,
,,,,,,,
,,,,,,,
,,,,,,,
,,,,,,,
,,,,,,,
,,,,,,,
,,,,,,,
,,,,,,,
,,,,,,,
,,,,,,,
,,,,,,,
,,,,,,,
,,,,,,,
,,,,,,,
,,,,,,,
,,,,,,,
,,,,,,,
,,,,,,,
,,,,,,,
,,,,,,,
,,,,,,,
,,,,,,,
,,,,,,,
,,,,,,,
,,,,,,,
,,,,,,,
,,,,,,,
,,,,,,,
,,,,,,,
,,,,,,,
,,,,,,,
,,,,,,,
,,,,,,,
,,,,,,,
,,,,,,,
,,,,,,,
,,,,,,,
,,,,,,,
,,,,,,,
,,,,,,,
,,,,,,,
,,,,,,,
,,,,,,,
,,,,,,,
,,,,,,,
,,,,,,,
,,,,,,,
,,,,,,,
,,,,,,,
,,,,,,,
,,,,,,,
,,,,,,,
,,,,,,,
,,,,,,,
,,,,,,,
,,,,,,,
,,,,,,,
,,,,,,,
,,,,,,,
,,,,,,,
,,,,,,,
,,,,,,,
,,,,,,,
,,,,,,,
,,,,,,,
,,,,,,,
,,,,,,,
,,,,,,,
,,,,,,,
,,,,,,,
,,,,,,,
,,,,,,,
,,,,,,,
,,,,,,,
,,,,,,,
,,,,,,,
,,,,,,,
,,,,,,,
,,,,,,,
,,,,,,,
,,,,,,,
,,,,,,,
,,,,,,,
,,,,,,,
,,,,,,,
,,,,,,,
,,,,,,,
,,,,,,,
,,,,,,,
,,,,,,,
,,,,,,,
,,,,,,,
,,,,,,,
,,,,,,,
,,,,,,,
,,,,,,,
,,,,,,,
,,,,,,,
,,,,,,,
,,,,,,,
,,,,,,,
,,,,,,,
,,,,,,,
,,,,,,,
,,,,,,,
,,,,,,,
,,,,,,,
,,,,,,,
,,,,,,,
,,,,,,,
,,,,,,,
,,,,,,,
,,,,,,,
,,,,,,,
,,,,,,,
,,,,,,,
,,,,,,,
,,,,,,,
,,,,,,,
,,,,,,,
,,,,,,,
,,,,,,,
,,,,,,,
,,,,,,,
,,,,,,,
,,,,,,,
,,,,,,,
,,,,,,,
,,,,,,,
,,,,,,,
,,,,,,,
,,,,,,,
,,,,,,,
,,,,,,,
,,,,,,,
,,,,,,,
,,,,,,,
,,,,,,,
,,,,,,,
,,,,,,,
,,,,,,,
,,,,,,,
,,,,,,,
,,,,,,,
,,,,,,,
,,,,,,,
,,,,,,,
,,,,,,,
,,,,,,,
,,,,,,,
,,,,,,,
,,,,,,,
,,,,,,,
,,,,,,,
,,,,,,,
,,,,,,,
,,,,,,,
,,,,,,,
,,,,,,,
,,,,,,,
,,,,,,,
,,,,,,,
,,,,,,,
,,,,,,,
,,,,,,,
,,,,,,,
,,,,,,,
,,,,,,,
,,,,,,,
,,,,,,,
,,,,,,,
,,,,,,,
,,,,,,,
,,,,,,,
,,,,,,,
,,,,,,,
,,,,,,,
,,,,,,,
,,,,,,,
,,,,,,,
,,,,,,,
,,,,,,,
,,,,,,,
,,,,,,,
,,,,,,,
,,,,,,,
,,,,,,,
,,,,,,,
,,,,,,,
,,,,,,,
,,,,,,,
,,,,,,,
,,,,,,,
,,,,,,,
,,,,,,,
,,,,,,,
,,,,,,,
,,,,,,,
,,,,,,,
,,,,,,,
,,,,,,,
,,,,,,,
,,,,,,,
,,,,,,,
,,,,,,,
,,,,,,,
,,,,,,,
,,,,,,,
,,,,,,,
,,,,,,,
,,,,,,,
,,,,,,,
,,,,,,,
,,,,,,,
,,,,,,,
,,,,,,,
,,,,,,,
,,,,,,,
,,,,,,,
,,,,,,,
,,,,,,,
,,,,,,,
,,,,,,,
,,,,,,,
,,,,,,,
,,,,,,,
,,,,,,,
,,,,,,,
,,,,,,,
,,,,,,,
,,,,,,,
,,,,,,,
,,,,,,,
,,,,,,,
,,,,,,,
,,,,,,,
,,,,,,,
,,,,,,,
,,,,,,,
,,,,,,,
,,,,,,,
,,,,,,,
,,,,,,,
,,,,,,,
,,,,,,,
,,,,,,,
,,,,,,,
,,,,,,,
,,,,,,,
,,,,,,,
,,,,,,,
,,,,,,,
,,,,,,,
,,,,,,,
,,,,,,,
,,,,,,,
,,,,,,,
,,,,,,,
,,,,,,,
,,,,,,,
,,,,,,,
,,,,,,,
,,,,,,,
,,,,,,,
,,,,,,,
,,,,,,,
,,,,,,,
,,,,,,,
,,,,,,,
,,,,,,,
,,,,,,,
,,,,,,,
,,,,,,,
,,,,,,,
,,,,,,,
,,,,,,,
,,,,,,,
,,,,,,,
,,,,,,,
,,,,,,,
,,,,,,,
,,,,,,,
,,,,,,,
,,,,,,,
,,,,,,,
,,,,,,,
,,,,,,,
,,,,,,,
,,,,,,,
,,,,,,,
,,,,,,,
,,,,,,,
,,,,,,,
,,,,,,,
,,,,,,,
,,,,,,,
,,,,,,,
,,,,,,,
,,,,,,,
,,,,,,,
,,,,,,,
,,,,,,,
,,,,,,,
,,,,,,,
,,,,,,,
,,,,,,,
,,,,,,,
,,,,,,,
,,,,,,,
,,,,,,,
,,,,,,,
,,,,,,,
,,,,,,,
,,,,,,,
,,,,,,,
,,,,,,,
,,,,,,,
,,,,,,,
,,,,,,,
,,,,,,,
,,,,,,,
,,,,,,,
,,,,,,,
,,,,,,,
,,,,,,,
,,,,,,,
,,,,,,,
,,,,,,,
,,,,,,,
,,,,,,,
,,,,,,,
,,,,,,,
,,,,,,,
,,,,,,,
,,,,,,,
,,,,,,,
,,,,,,,
,,,,,,,
,,,,,,,
,,,,,,,
,,,,,,,
,,,,,,,
,,,,,,,
,,,,,,,
,,,,,,,
,,,,,,,
,,,,,,,
,,,,,,,
,,,,,,,
,,,,,,,
,,,,,,,
,,,,,,,
,,,,,,,
,,,,,,,
,,,,,,,
,,,,,,,
,,,,,,,
,,,,,,,
,,,,,,,
,,,,,,,
GRC,HOSPITALBED,ACUTE,1000HAB,A,1993,3.89,
GRC,HOSPITALBED,ACUTE,1000HAB,A,1994,3.91,
GRC,HOSPITALBED,ACUTE,1000HAB,A,1995,3.85,
GRC,HOSPITALBED,ACUTE,1000HAB,A,1996,3.9,
GRC,HOSPITALBED,ACUTE,1000HAB,A,1997,3.87,
GRC,HOSPITALBED,ACUTE,1000HAB,A,1998,3.84,
GRC,HOSPITALBED,ACUTE,1000HAB,A,1999,3.8,
GRC,HOSPITALBED,ACUTE,1000HAB,A,2000,3.78,
GRC,HOSPITALBED,ACUTE,1000HAB,A,2001,3.87,
GRC,HOSPITALBED,ACUTE,1000HAB,A,2002,3.82,
GRC,HOSPITALBED,ACUTE,1000HAB,A,2003,3.85,
GRC,HOSPITALBED,ACUTE,1000HAB,A,2004,3.83,
GRC,HOSPITALBED,ACUTE,1000HAB,A,2005,3.9,
GRC,HOSPITALBED,ACUTE,1000HAB,A,2006,3.99,
GRC,HOSPITALBED,ACUTE,1000HAB,A,2007,4,
GRC,HOSPITALBED,ACUTE,1000HAB,A,2008,4.01,
GRC,HOSPITALBED,ACUTE,1000HAB,A,2009,4.12,
GRC,HOSPITALBED,ACUTE,1000HAB,A,2010,3.66,
GRC,HOSPITALBED,ACUTE,1000HAB,A,2011,3.67,
GRC,HOSPITALBED,ACUTE,1000HAB,A,2012,3.66,
GRC,HOSPITALBED,ACUTE,1000HAB,A,2013,3.52,
GRC,HOSPITALBED,ACUTE,1000HAB,A,2014,3.5,
GRC,HOSPITALBED,ACUTE,1000HAB,A,2015,3.6,B
GRC,HOSPITALBED,ACUTE,1000HAB,A,2016,3.57,
GRC,HOSPITALBED,ACUTE,1000HAB,A,2017,3.6,
GRC,HOSPITALBED,PSYCHIATRIC,1000HAB,A,1993,1.1,
GRC,HOSPITALBED,PSYCHIATRIC,1000HAB,A,1994,1.01,
GRC,HOSPITALBED,PSYCHIATRIC,1000HAB,A,1995,1.09,
GRC,HOSPITALBED,PSYCHIATRIC,1000HAB,A,1996,1.06,
GRC,HOSPITALBED,PSYCHIATRIC,1000HAB,A,1997,1.05,
GRC,HOSPITALBED,PSYCHIATRIC,1000HAB,A,1998,1.06,
GRC,HOSPITALBED,PSYCHIATRIC,1000HAB,A,1999,0.98,
GRC,HOSPITALBED,PSYCHIATRIC,1000HAB,A,2000,0.98,
GRC,HOSPITALBED,PSYCHIATRIC,1000HAB,A,2001,0.94,
GRC,HOSPITALBED,PSYCHIATRIC,1000HAB,A,2002,0.93,
GRC,HOSPITALBED,PSYCHIATRIC,1000HAB,A,2003,0.89,
GRC,HOSPITALBED,PSYCHIATRIC,1000HAB,A,2004,0.9,
GRC,HOSPITALBED,PSYCHIATRIC,1000HAB,A,2005,0.88,
GRC,HOSPITALBED,PSYCHIATRIC,1000HAB,A,2006,0.88,
GRC,HOSPITALBED,PSYCHIATRIC,1000HAB,A,2007,0.87,
GRC,HOSPITALBED,PSYCHIATRIC,1000HAB,A,2008,0.83,
GRC,HOSPITALBED,PSYCHIATRIC,1000HAB,A,2009,0.81,
GRC,HOSPITALBED,PSYCHIATRIC,1000HAB,A,2010,0.75,
GRC,HOSPITALBED,PSYCHIATRIC,1000HAB,A,2011,0.73,
GRC,HOSPITALBED,PSYCHIATRIC,1000HAB,A,2012,0.77,
GRC,HOSPITALBED,PSYCHIATRIC,1000HAB,A,2013,0.7,
GRC,HOSPITALBED,PSYCHIATRIC,1000HAB,A,2014,0.72,
GRC,HOSPITALBED,PSYCHIATRIC,1000HAB,A,2015,0.73,
GRC,HOSPITALBED,PSYCHIATRIC,1000HAB,A,2016,0.71,
GRC,HOSPITALBED,PSYCHIATRIC,1000HAB,A,2017,0.74,
,,,,,,,
,,,,,,,
,,,,,,,
,,,,,,,
,,,,,,,
,,,,,,,
,,,,,,,
,,,,,,,
,,,,,,,
,,,,,,,
,,,,,,,
,,,,,,,
,,,,,,,
,,,,,,,
,,,,,,,
,,,,,,,
,,,,,,,
,,,,,,,
HUN,HOSPITALBED,ACUTE,1000HAB,A,2000,6.19,E
HUN,HOSPITALBED,ACUTE,1000HAB,A,2001,6.01,
HUN,HOSPITALBED,ACUTE,1000HAB,A,2002,5.98,
HUN,HOSPITALBED,ACUTE,1000HAB,A,2003,5.96,
HUN,HOSPITALBED,ACUTE,1000HAB,A,2004,5.93,
HUN,HOSPITALBED,ACUTE,1000HAB,A,2005,5.94,
HUN,HOSPITALBED,ACUTE,1000HAB,A,2006,5.94,
HUN,HOSPITALBED,ACUTE,1000HAB,A,2007,4.47,B
HUN,HOSPITALBED,ACUTE,1000HAB,A,2008,4.43,
HUN,HOSPITALBED,ACUTE,1000HAB,A,2009,4.44,
HUN,HOSPITALBED,ACUTE,1000HAB,A,2010,4.45,
HUN,HOSPITALBED,ACUTE,1000HAB,A,2011,4.46,
HUN,HOSPITALBED,ACUTE,1000HAB,A,2012,4.29,
HUN,HOSPITALBED,ACUTE,1000HAB,A,2013,4.3,
HUN,HOSPITALBED,ACUTE,1000HAB,A,2014,4.28,
HUN,HOSPITALBED,ACUTE,1000HAB,A,2015,4.26,
HUN,HOSPITALBED,ACUTE,1000HAB,A,2016,4.28,
HUN,HOSPITALBED,ACUTE,1000HAB,A,2017,4.27,
HUN,HOSPITALBED,PSYCHIATRIC,1000HAB,A,2000,1.02,E
HUN,HOSPITALBED,PSYCHIATRIC,1000HAB,A,2001,0.99,
HUN,HOSPITALBED,PSYCHIATRIC,1000HAB,A,2002,0.99,
HUN,HOSPITALBED,PSYCHIATRIC,1000HAB,A,2003,0.98,
HUN,HOSPITALBED,PSYCHIATRIC,1000HAB,A,2004,0.97,
HUN,HOSPITALBED,PSYCHIATRIC,1000HAB,A,2005,0.97,
HUN,HOSPITALBED,PSYCHIATRIC,1000HAB,A,2006,0.95,
HUN,HOSPITALBED,PSYCHIATRIC,1000HAB,A,2007,0.93,B
HUN,HOSPITALBED,PSYCHIATRIC,1000HAB,A,2008,0.88,
HUN,HOSPITALBED,PSYCHIATRIC,1000HAB,A,2009,0.9,
HUN,HOSPITALBED,PSYCHIATRIC,1000HAB,A,2010,0.89,
HUN,HOSPITALBED,PSYCHIATRIC,1000HAB,A,2011,0.9,
HUN,HOSPITALBED,PSYCHIATRIC,1000HAB,A,2012,0.9,
HUN,HOSPITALBED,PSYCHIATRIC,1000HAB,A,2013,0.9,
HUN,HOSPITALBED,PSYCHIATRIC,1000HAB,A,2014,0.87,
HUN,HOSPITALBED,PSYCHIATRIC,1000HAB,A,2015,0.87,
HUN,HOSPITALBED,PSYCHIATRIC,1000HAB,A,2016,0.87,
HUN,HOSPITALBED,PSYCHIATRIC,1000HAB,A,2017,0.87,
,,,,,,,
,,,,,,,
,,,,,,,
,,,,,,,
,,,,,,,
,,,,,,,
,,,,,,,
,,,,,,,
,,,,,,,
,,,,,,,
,,,,,,,
,,,,,,,
ISL,HOSPITALBED,ACUTE,1000HAB,A,2007,3.35,
ISL,HOSPITALBED,ACUTE,1000HAB,A,2008,3.09,
ISL,HOSPITALBED,ACUTE,1000HAB,A,2009,2.99,
ISL,HOSPITALBED,ACUTE,1000HAB,A,2010,2.95,
ISL,HOSPITALBED,ACUTE,1000HAB,A,2011,2.67,
ISL,HOSPITALBED,ACUTE,1000HAB,A,2012,2.71,
ISL,HOSPITALBED,ACUTE,1000HAB,A,2013,2.67,
ISL,HOSPITALBED,ACUTE,1000HAB,A,2014,2.64,
ISL,HOSPITALBED,ACUTE,1000HAB,A,2015,2.62,
ISL,HOSPITALBED,ACUTE,1000HAB,A,2016,2.61,
ISL,HOSPITALBED,ACUTE,1000HAB,A,2017,2.51,
ISL,HOSPITALBED,ACUTE,1000HAB,A,2018,2.37,
ISL,HOSPITALBED,PSYCHIATRIC,1000HAB,A,2007,0.59,
ISL,HOSPITALBED,PSYCHIATRIC,1000HAB,A,2008,0.61,
ISL,HOSPITALBED,PSYCHIATRIC,1000HAB,A,2009,0.6,
ISL,HOSPITALBED,PSYCHIATRIC,1000HAB,A,2010,0.48,
ISL,HOSPITALBED,PSYCHIATRIC,1000HAB,A,2011,0.48,
ISL,HOSPITALBED,PSYCHIATRIC,1000HAB,A,2012,0.47,
ISL,HOSPITALBED,PSYCHIATRIC,1000HAB,A,2013,0.46,
ISL,HOSPITALBED,PSYCHIATRIC,1000HAB,A,2014,0.44,
ISL,HOSPITALBED,PSYCHIATRIC,1000HAB,A,2015,0.44,
ISL,HOSPITALBED,PSYCHIATRIC,1000HAB,A,2016,0.43,
ISL,HOSPITALBED,PSYCHIATRIC,1000HAB,A,2017,0.38,
ISL,HOSPITALBED,PSYCHIATRIC,1000HAB,A,2018,0.37,
,,,,,,,
,,,,,,,
,,,,,,,
,,,,,,,
,,,,,,,
,,,,,,,
,,,,,,,
,,,,,,,
,,,,,,,
,,,,,,,
,,,,,,,
,,,,,,,
,,,,,,,
,,,,,,,
,,,,,,,
,,,,,,,
,,,,,,,
,,,,,,,
,,,,,,,
,,,,,,,
,,,,,,,
,,,,,,,
,,,,,,,
,,,,,,,
,,,,,,,
,,,,,,,
,,,,,,,
,,,,,,,
,,,,,,,
,,,,,,,
,,,,,,,
,,,,,,,
,,,,,,,
,,,,,,,
,,,,,,,
,,,,,,,
,,,,,,,
,,,,,,,
IRL,HOSPITALBED,ACUTE,1000HAB,A,1980,4.24,
IRL,HOSPITALBED,ACUTE,1000HAB,A,1981,4.22,
IRL,HOSPITALBED,ACUTE,1000HAB,A,1982,4.21,
IRL,HOSPITALBED,ACUTE,1000HAB,A,1983,4.22,
IRL,HOSPITALBED,ACUTE,1000HAB,A,1984,4.08,
IRL,HOSPITALBED,ACUTE,1000HAB,A,1985,4.11,
IRL,HOSPITALBED,ACUTE,1000HAB,A,1986,3.93,
IRL,HOSPITALBED,ACUTE,1000HAB,A,1987,3.44,B
IRL,HOSPITALBED,ACUTE,1000HAB,A,1988,3.12,
IRL,HOSPITALBED,ACUTE,1000HAB,A,1989,3.15,
IRL,HOSPITALBED,ACUTE,1000HAB,A,1990,3.18,
IRL,HOSPITALBED,ACUTE,1000HAB,A,1991,3.22,
IRL,HOSPITALBED,ACUTE,1000HAB,A,1992,3.13,
IRL,HOSPITALBED,ACUTE,1000HAB,A,1993,3.04,
IRL,HOSPITALBED,ACUTE,1000HAB,A,1994,3.03,
IRL,HOSPITALBED,ACUTE,1000HAB,A,1995,3.05,
IRL,HOSPITALBED,ACUTE,1000HAB,A,1996,3.03,
IRL,HOSPITALBED,ACUTE,1000HAB,A,1997,2.89,B
IRL,HOSPITALBED,ACUTE,1000HAB,A,1998,2.84,
IRL,HOSPITALBED,ACUTE,1000HAB,A,1999,2.81,
IRL,HOSPITALBED,ACUTE,1000HAB,A,2000,2.79,
IRL,HOSPITALBED,ACUTE,1000HAB,A,2001,2.74,
IRL,HOSPITALBED,ACUTE,1000HAB,A,2002,2.81,
IRL,HOSPITALBED,ACUTE,1000HAB,A,2003,2.8,
IRL,HOSPITALBED,ACUTE,1000HAB,A,2004,2.78,
IRL,HOSPITALBED,ACUTE,1000HAB,A,2005,2.76,
IRL,HOSPITALBED,ACUTE,1000HAB,A,2006,2.69,
IRL,HOSPITALBED,ACUTE,1000HAB,A,2007,2.62,
IRL,HOSPITALBED,ACUTE,1000HAB,A,2008,2.53,
IRL,HOSPITALBED,ACUTE,1000HAB,A,2009,2.59,B
IRL,HOSPITALBED,ACUTE,1000HAB,A,2010,2.5,
IRL,HOSPITALBED,ACUTE,1000HAB,A,2011,2.43,
IRL,HOSPITALBED,ACUTE,1000HAB,A,2012,2.37,
IRL,HOSPITALBED,ACUTE,1000HAB,A,2013,2.38,
IRL,HOSPITALBED,ACUTE,1000HAB,A,2014,2.41,
IRL,HOSPITALBED,ACUTE,1000HAB,A,2015,2.75,B
IRL,HOSPITALBED,ACUTE,1000HAB,A,2016,2.79,
IRL,HOSPITALBED,ACUTE,1000HAB,A,2017,2.77,
IRL,HOSPITALBED,PSYCHIATRIC,1000HAB,A,1978,4.23,
IRL,HOSPITALBED,PSYCHIATRIC,1000HAB,A,1979,4.14,
IRL,HOSPITALBED,PSYCHIATRIC,1000HAB,A,1980,3.94,
IRL,HOSPITALBED,PSYCHIATRIC,1000HAB,A,1981,3.94,
IRL,HOSPITALBED,PSYCHIATRIC,1000HAB,A,1982,3.85,
IRL,HOSPITALBED,PSYCHIATRIC,1000HAB,A,1983,3.65,
IRL,HOSPITALBED,PSYCHIATRIC,1000HAB,A,1984,3.55,
IRL,HOSPITALBED,PSYCHIATRIC,1000HAB,A,1985,3.42,
IRL,HOSPITALBED,PSYCHIATRIC,1000HAB,A,1986,3.27,
IRL,HOSPITALBED,PSYCHIATRIC,1000HAB,A,1987,3.37,B
IRL,HOSPITALBED,PSYCHIATRIC,1000HAB,A,1988,3.02,
IRL,HOSPITALBED,PSYCHIATRIC,1000HAB,A,1989,2.8,
IRL,HOSPITALBED,PSYCHIATRIC,1000HAB,A,1990,2.63,
IRL,HOSPITALBED,PSYCHIATRIC,1000HAB,A,1991,2.52,
IRL,HOSPITALBED,PSYCHIATRIC,1000HAB,A,1992,2.25,
IRL,HOSPITALBED,PSYCHIATRIC,1000HAB,A,1993,2.11,
IRL,HOSPITALBED,PSYCHIATRIC,1000HAB,A,1994,1.95,
IRL,HOSPITALBED,PSYCHIATRIC,1000HAB,A,1995,1.85,
IRL,HOSPITALBED,PSYCHIATRIC,1000HAB,A,1996,1.7,
IRL,HOSPITALBED,PSYCHIATRIC,1000HAB,A,1997,1.57,
IRL,HOSPITALBED,PSYCHIATRIC,1000HAB,A,1998,1.5,
IRL,HOSPITALBED,PSYCHIATRIC,1000HAB,A,1999,1.42,
IRL,HOSPITALBED,PSYCHIATRIC,1000HAB,A,2000,1.41,
IRL,HOSPITALBED,PSYCHIATRIC,1000HAB,A,2001,1.28,
IRL,HOSPITALBED,PSYCHIATRIC,1000HAB,A,2002,1.16,
IRL,HOSPITALBED,PSYCHIATRIC,1000HAB,A,2003,1.08,
IRL,HOSPITALBED,PSYCHIATRIC,1000HAB,A,2004,1.01,
IRL,HOSPITALBED,PSYCHIATRIC,1000HAB,A,2005,0.96,
IRL,HOSPITALBED,PSYCHIATRIC,1000HAB,A,2006,0.91,
IRL,HOSPITALBED,PSYCHIATRIC,1000HAB,A,2007,0.85,
IRL,HOSPITALBED,PSYCHIATRIC,1000HAB,A,2008,0.78,
IRL,HOSPITALBED,PSYCHIATRIC,1000HAB,A,2009,0.39,B
IRL,HOSPITALBED,PSYCHIATRIC,1000HAB,A,2010,0.38,
IRL,HOSPITALBED,PSYCHIATRIC,1000HAB,A,2011,0.35,
IRL,HOSPITALBED,PSYCHIATRIC,1000HAB,A,2012,0.35,
IRL,HOSPITALBED,PSYCHIATRIC,1000HAB,A,2013,0.35,
IRL,HOSPITALBED,PSYCHIATRIC,1000HAB,A,2014,0.35,
IRL,HOSPITALBED,PSYCHIATRIC,1000HAB,A,2015,0.35,
IRL,HOSPITALBED,PSYCHIATRIC,1000HAB,A,2016,0.34,
IRL,HOSPITALBED,PSYCHIATRIC,1000HAB,A,2017,0.34,
,,,,,,,
,,,,,,,
,,,,,,,
,,,,,,,
,,,,,,,
,,,,,,,
,,,,,,,
,,,,,,,
,,,,,,,
,,,,,,,
,,,,,,,
,,,,,,,
,,,,,,,
,,,,,,,
,,,,,,,
,,,,,,,
,,,,,,,
,,,,,,,
,,,,,,,
,,,,,,,
,,,,,,,
,,,,,,,
,,,,,,,
,,,,,,,
,,,,,,,
,,,,,,,
,,,,,,,
,,,,,,,
,,,,,,,
,,,,,,,
,,,,,,,
,,,,,,,
,,,,,,,
,,,,,,,
,,,,,,,
,,,,,,,
,,,,,,,
,,,,,,,
,,,,,,,
,,,,,,,
,,,,,,,
,,,,,,,
,,,,,,,
,,,,,,,
,,,,,,,
,,,,,,,
,,,,,,,
,,,,,,,
,,,,,,,
,,,,,,,
,,,,,,,
,,,,,,,
,,,,,,,
,,,,,,,
,,,,,,,
,,,,,,,
,,,,,,,
,,,,,,,
ITA,HOSPITALBED,ACUTE,1000HAB,A,1975,10.43,
ITA,HOSPITALBED,ACUTE,1000HAB,A,1976,10.24,
ITA,HOSPITALBED,ACUTE,1000HAB,A,1977,10.01,
ITA,HOSPITALBED,ACUTE,1000HAB,A,1978,9.74,
ITA,HOSPITALBED,ACUTE,1000HAB,A,1979,9.57,
ITA,HOSPITALBED,ACUTE,1000HAB,A,1980,9.33,
ITA,HOSPITALBED,ACUTE,1000HAB,A,1981,9.06,
ITA,HOSPITALBED,ACUTE,1000HAB,A,1982,8.83,
ITA,HOSPITALBED,ACUTE,1000HAB,A,1983,8.59,
ITA,HOSPITALBED,ACUTE,1000HAB,A,1984,8.26,
ITA,HOSPITALBED,ACUTE,1000HAB,A,1985,8.07,
ITA,HOSPITALBED,ACUTE,1000HAB,A,1986,7.74,
ITA,HOSPITALBED,ACUTE,1000HAB,A,1987,7.56,
ITA,HOSPITALBED,ACUTE,1000HAB,A,1988,7.29,
ITA,HOSPITALBED,ACUTE,1000HAB,A,1989,6.89,
ITA,HOSPITALBED,ACUTE,1000HAB,A,1990,7,
ITA,HOSPITALBED,ACUTE,1000HAB,A,1991,6.58,
ITA,HOSPITALBED,ACUTE,1000HAB,A,1992,6.63,
ITA,HOSPITALBED,ACUTE,1000HAB,A,1993,6.48,
ITA,HOSPITALBED,ACUTE,1000HAB,A,1994,6.34,
ITA,HOSPITALBED,ACUTE,1000HAB,A,1995,6.05,
ITA,HOSPITALBED,ACUTE,1000HAB,A,1996,6.32,
ITA,HOSPITALBED,ACUTE,1000HAB,A,1997,5.67,
ITA,HOSPITALBED,ACUTE,1000HAB,A,1998,5.35,
ITA,HOSPITALBED,ACUTE,1000HAB,A,1999,4.74,
ITA,HOSPITALBED,ACUTE,1000HAB,A,2000,4.22,B
ITA,HOSPITALBED,ACUTE,1000HAB,A,2001,4.11,
ITA,HOSPITALBED,ACUTE,1000HAB,A,2002,3.92,
ITA,HOSPITALBED,ACUTE,1000HAB,A,2003,3.67,
ITA,HOSPITALBED,ACUTE,1000HAB,A,2004,3.49,
ITA,HOSPITALBED,ACUTE,1000HAB,A,2005,3.48,
ITA,HOSPITALBED,ACUTE,1000HAB,A,2006,3.41,
ITA,HOSPITALBED,ACUTE,1000HAB,A,2007,3.29,
ITA,HOSPITALBED,ACUTE,1000HAB,A,2008,3.18,
ITA,HOSPITALBED,ACUTE,1000HAB,A,2009,3.08,
ITA,HOSPITALBED,ACUTE,1000HAB,A,2010,3.03,
ITA,HOSPITALBED,ACUTE,1000HAB,A,2011,2.93,
ITA,HOSPITALBED,ACUTE,1000HAB,A,2012,2.84,
ITA,HOSPITALBED,ACUTE,1000HAB,A,2013,2.75,
ITA,HOSPITALBED,ACUTE,1000HAB,A,2014,2.65,
ITA,HOSPITALBED,ACUTE,1000HAB,A,2015,2.64,
ITA,HOSPITALBED,ACUTE,1000HAB,A,2016,2.62,
ITA,HOSPITALBED,ACUTE,1000HAB,A,2017,2.62,
ITA,HOSPITALBED,PSYCHIATRIC,1000HAB,A,1975,1.91,
ITA,HOSPITALBED,PSYCHIATRIC,1000HAB,A,1976,1.84,
ITA,HOSPITALBED,PSYCHIATRIC,1000HAB,A,1977,1.77,
ITA,HOSPITALBED,PSYCHIATRIC,1000HAB,A,1978,1.65,
ITA,HOSPITALBED,PSYCHIATRIC,1000HAB,A,1979,1.53,
ITA,HOSPITALBED,PSYCHIATRIC,1000HAB,A,1980,1.46,
ITA,HOSPITALBED,PSYCHIATRIC,1000HAB,A,1981,1.34,
ITA,HOSPITALBED,PSYCHIATRIC,1000HAB,A,1982,1.28,
ITA,HOSPITALBED,PSYCHIATRIC,1000HAB,A,1983,1.21,
ITA,HOSPITALBED,PSYCHIATRIC,1000HAB,A,1984,1.13,
ITA,HOSPITALBED,PSYCHIATRIC,1000HAB,A,1985,1.12,
ITA,HOSPITALBED,PSYCHIATRIC,1000HAB,A,1986,1.03,
ITA,HOSPITALBED,PSYCHIATRIC,1000HAB,A,1987,0.99,
ITA,HOSPITALBED,PSYCHIATRIC,1000HAB,A,1988,0.93,
ITA,HOSPITALBED,PSYCHIATRIC,1000HAB,A,1989,0.84,
ITA,HOSPITALBED,PSYCHIATRIC,1000HAB,A,1990,0.84,
ITA,HOSPITALBED,PSYCHIATRIC,1000HAB,A,1991,0.75,
ITA,HOSPITALBED,PSYCHIATRIC,1000HAB,A,1992,0.72,
ITA,HOSPITALBED,PSYCHIATRIC,1000HAB,A,1993,0.7,
ITA,HOSPITALBED,PSYCHIATRIC,1000HAB,A,1994,0.69,
ITA,HOSPITALBED,PSYCHIATRIC,1000HAB,A,1995,0.49,
ITA,HOSPITALBED,PSYCHIATRIC,1000HAB,A,1996,0.55,
ITA,HOSPITALBED,PSYCHIATRIC,1000HAB,A,1997,0.4,
ITA,HOSPITALBED,PSYCHIATRIC,1000HAB,A,1998,0.33,
ITA,HOSPITALBED,PSYCHIATRIC,1000HAB,A,1999,0.16,
ITA,HOSPITALBED,PSYCHIATRIC,1000HAB,A,2000,0.15,
ITA,HOSPITALBED,PSYCHIATRIC,1000HAB,A,2001,0.14,
ITA,HOSPITALBED,PSYCHIATRIC,1000HAB,A,2002,0.14,
ITA,HOSPITALBED,PSYCHIATRIC,1000HAB,A,2003,0.14,
ITA,HOSPITALBED,PSYCHIATRIC,1000HAB,A,2004,0.13,
ITA,HOSPITALBED,PSYCHIATRIC,1000HAB,A,2005,0.13,
ITA,HOSPITALBED,PSYCHIATRIC,1000HAB,A,2006,0.13,
ITA,HOSPITALBED,PSYCHIATRIC,1000HAB,A,2007,0.12,
ITA,HOSPITALBED,PSYCHIATRIC,1000HAB,A,2008,0.11,
ITA,HOSPITALBED,PSYCHIATRIC,1000HAB,A,2009,0.11,
ITA,HOSPITALBED,PSYCHIATRIC,1000HAB,A,2010,0.1,
ITA,HOSPITALBED,PSYCHIATRIC,1000HAB,A,2011,0.1,
ITA,HOSPITALBED,PSYCHIATRIC,1000HAB,A,2012,0.1,
ITA,HOSPITALBED,PSYCHIATRIC,1000HAB,A,2013,0.1,
ITA,HOSPITALBED,PSYCHIATRIC,1000HAB,A,2014,0.09,
ITA,HOSPITALBED,PSYCHIATRIC,1000HAB,A,2015,0.09,
ITA,HOSPITALBED,PSYCHIATRIC,1000HAB,A,2016,0.09,
ITA,HOSPITALBED,PSYCHIATRIC,1000HAB,A,2017,0.09,
,,,,,,,
,,,,,,,
,,,,,,,
,,,,,,,
,,,,,,,
,,,,,,,
,,,,,,,
,,,,,,,
,,,,,,,
,,,,,,,
,,,,,,,
,,,,,,,
,,,,,,,
,,,,,,,
,,,,,,,
,,,,,,,
,,,,,,,
,,,,,,,
,,,,,,,
,,,,,,,
,,,,,,,
,,,,,,,
,,,,,,,
,,,,,,,
,,,,,,,
JPN,HOSPITALBED,ACUTE,1000HAB,A,1993,12.29,
JPN,HOSPITALBED,ACUTE,1000HAB,A,1994,12.15,
JPN,HOSPITALBED,ACUTE,1000HAB,A,1995,11.98,
JPN,HOSPITALBED,ACUTE,1000HAB,A,1996,11.77,
JPN,HOSPITALBED,ACUTE,1000HAB,A,1997,11.53,
JPN,HOSPITALBED,ACUTE,1000HAB,A,1998,11.11,
JPN,HOSPITALBED,ACUTE,1000HAB,A,1999,10.31,
JPN,HOSPITALBED,ACUTE,1000HAB,A,2000,9.78,
JPN,HOSPITALBED,ACUTE,1000HAB,A,2001,9.45,
JPN,HOSPITALBED,ACUTE,1000HAB,A,2002,9.08,
JPN,HOSPITALBED,ACUTE,1000HAB,A,2003,8.61,
JPN,HOSPITALBED,ACUTE,1000HAB,A,2004,8.49,
JPN,HOSPITALBED,ACUTE,1000HAB,A,2005,8.3,
JPN,HOSPITALBED,ACUTE,1000HAB,A,2006,8.31,
JPN,HOSPITALBED,ACUTE,1000HAB,A,2007,8.29,
JPN,HOSPITALBED,ACUTE,1000HAB,A,2008,8.2,
JPN,HOSPITALBED,ACUTE,1000HAB,A,2009,8.14,
JPN,HOSPITALBED,ACUTE,1000HAB,A,2010,8.09,
JPN,HOSPITALBED,ACUTE,1000HAB,A,2011,8.01,
JPN,HOSPITALBED,ACUTE,1000HAB,A,2012,7.99,
JPN,HOSPITALBED,ACUTE,1000HAB,A,2013,7.96,
JPN,HOSPITALBED,ACUTE,1000HAB,A,2014,7.88,
JPN,HOSPITALBED,ACUTE,1000HAB,A,2015,7.85,
JPN,HOSPITALBED,ACUTE,1000HAB,A,2016,7.82,
JPN,HOSPITALBED,ACUTE,1000HAB,A,2017,7.79,
JPN,HOSPITALBED,PSYCHIATRIC,1000HAB,A,1993,2.9,
JPN,HOSPITALBED,PSYCHIATRIC,1000HAB,A,1994,2.9,
JPN,HOSPITALBED,PSYCHIATRIC,1000HAB,A,1995,2.88,
JPN,HOSPITALBED,PSYCHIATRIC,1000HAB,A,1996,2.87,
JPN,HOSPITALBED,PSYCHIATRIC,1000HAB,A,1997,2.85,
JPN,HOSPITALBED,PSYCHIATRIC,1000HAB,A,1998,2.84,
JPN,HOSPITALBED,PSYCHIATRIC,1000HAB,A,1999,2.83,
JPN,HOSPITALBED,PSYCHIATRIC,1000HAB,A,2000,2.82,
JPN,HOSPITALBED,PSYCHIATRIC,1000HAB,A,2001,2.81,
JPN,HOSPITALBED,PSYCHIATRIC,1000HAB,A,2002,2.79,
JPN,HOSPITALBED,PSYCHIATRIC,1000HAB,A,2003,2.78,
JPN,HOSPITALBED,PSYCHIATRIC,1000HAB,A,2004,2.78,
JPN,HOSPITALBED,PSYCHIATRIC,1000HAB,A,2005,2.77,
JPN,HOSPITALBED,PSYCHIATRIC,1000HAB,A,2006,2.76,
JPN,HOSPITALBED,PSYCHIATRIC,1000HAB,A,2007,2.74,
JPN,HOSPITALBED,PSYCHIATRIC,1000HAB,A,2008,2.73,
JPN,HOSPITALBED,PSYCHIATRIC,1000HAB,A,2009,2.72,
JPN,HOSPITALBED,PSYCHIATRIC,1000HAB,A,2010,2.71,
JPN,HOSPITALBED,PSYCHIATRIC,1000HAB,A,2011,2.69,
JPN,HOSPITALBED,PSYCHIATRIC,1000HAB,A,2012,2.68,
JPN,HOSPITALBED,PSYCHIATRIC,1000HAB,A,2013,2.67,
JPN,HOSPITALBED,PSYCHIATRIC,1000HAB,A,2014,2.66,
JPN,HOSPITALBED,PSYCHIATRIC,1000HAB,A,2015,2.65,
JPN,HOSPITALBED,PSYCHIATRIC,1000HAB,A,2016,2.63,
JPN,HOSPITALBED,PSYCHIATRIC,1000HAB,A,2017,2.62,
,,,,,,,
,,,,,,,
,,,,,,,
,,,,,,,
,,,,,,,
,,,,,,,
,,,,,,,
,,,,,,,
,,,,,,,
,,,,,,,
,,,,,,,
,,,,,,,
,,,,,,,
,,,,,,,
,,,,,,,
,,,,,,,
,,,,,,,
,,,,,,,
,,,,,,,
,,,,,,,
,,,,,,,
,,,,,,,
,,,,,,,
,,,,,,,
,,,,,,,
,,,,,,,
,,,,,,,
,,,,,,,
KOR,HOSPITALBED,ACUTE,1000HAB,A,1990,2.22,
KOR,HOSPITALBED,ACUTE,1000HAB,A,1991,2.37,
KOR,HOSPITALBED,ACUTE,1000HAB,A,1992,2.52,
KOR,HOSPITALBED,ACUTE,1000HAB,A,1993,2.74,
KOR,HOSPITALBED,ACUTE,1000HAB,A,1994,3.05,
KOR,HOSPITALBED,ACUTE,1000HAB,A,1995,3.25,
KOR,HOSPITALBED,ACUTE,1000HAB,A,1996,3.44,
KOR,HOSPITALBED,ACUTE,1000HAB,A,1997,3.64,
KOR,HOSPITALBED,ACUTE,1000HAB,A,1998,3.81,
KOR,HOSPITALBED,ACUTE,1000HAB,A,1999,4.17,
KOR,HOSPITALBED,ACUTE,1000HAB,A,2000,4.57,
KOR,HOSPITALBED,ACUTE,1000HAB,A,2001,4.38,
KOR,HOSPITALBED,ACUTE,1000HAB,A,2002,4.79,
KOR,HOSPITALBED,ACUTE,1000HAB,A,2003,4.86,
KOR,HOSPITALBED,ACUTE,1000HAB,A,2004,5.15,
KOR,HOSPITALBED,ACUTE,1000HAB,A,2005,5.32,
KOR,HOSPITALBED,ACUTE,1000HAB,A,2006,5.54,
KOR,HOSPITALBED,ACUTE,1000HAB,A,2007,5.82,
KOR,HOSPITALBED,ACUTE,1000HAB,A,2008,6.11,
KOR,HOSPITALBED,ACUTE,1000HAB,A,2009,6.33,
KOR,HOSPITALBED,ACUTE,1000HAB,A,2010,6.41,
KOR,HOSPITALBED,ACUTE,1000HAB,A,2011,6.77,
KOR,HOSPITALBED,ACUTE,1000HAB,A,2012,7,
KOR,HOSPITALBED,ACUTE,1000HAB,A,2013,7.06,
KOR,HOSPITALBED,ACUTE,1000HAB,A,2014,7.29,
KOR,HOSPITALBED,ACUTE,1000HAB,A,2015,7.02,
KOR,HOSPITALBED,ACUTE,1000HAB,A,2016,7.1,
KOR,HOSPITALBED,ACUTE,1000HAB,A,2017,7.14,
KOR,HOSPITALBED,PSYCHIATRIC,1000HAB,A,1990,0.18,
KOR,HOSPITALBED,PSYCHIATRIC,1000HAB,A,1991,0.2,
KOR,HOSPITALBED,PSYCHIATRIC,1000HAB,A,1992,0.21,
KOR,HOSPITALBED,PSYCHIATRIC,1000HAB,A,1993,0.25,
KOR,HOSPITALBED,PSYCHIATRIC,1000HAB,A,1994,0.27,
KOR,HOSPITALBED,PSYCHIATRIC,1000HAB,A,1995,0.28,
KOR,HOSPITALBED,PSYCHIATRIC,1000HAB,A,1996,0.32,
KOR,HOSPITALBED,PSYCHIATRIC,1000HAB,A,1997,0.35,
KOR,HOSPITALBED,PSYCHIATRIC,1000HAB,A,1998,0.37,
KOR,HOSPITALBED,PSYCHIATRIC,1000HAB,A,1999,0.56,
KOR,HOSPITALBED,PSYCHIATRIC,1000HAB,A,2000,0.65,
KOR,HOSPITALBED,PSYCHIATRIC,1000HAB,A,2001,0.58,
KOR,HOSPITALBED,PSYCHIATRIC,1000HAB,A,2002,0.6,
KOR,HOSPITALBED,PSYCHIATRIC,1000HAB,A,2003,0.69,
KOR,HOSPITALBED,PSYCHIATRIC,1000HAB,A,2004,0.71,
KOR,HOSPITALBED,PSYCHIATRIC,1000HAB,A,2005,0.75,
KOR,HOSPITALBED,PSYCHIATRIC,1000HAB,A,2006,0.77,
KOR,HOSPITALBED,PSYCHIATRIC,1000HAB,A,2007,0.75,
KOR,HOSPITALBED,PSYCHIATRIC,1000HAB,A,2008,0.81,
KOR,HOSPITALBED,PSYCHIATRIC,1000HAB,A,2009,0.85,
KOR,HOSPITALBED,PSYCHIATRIC,1000HAB,A,2010,0.89,
KOR,HOSPITALBED,PSYCHIATRIC,1000HAB,A,2011,0.88,
KOR,HOSPITALBED,PSYCHIATRIC,1000HAB,A,2012,0.91,
KOR,HOSPITALBED,PSYCHIATRIC,1000HAB,A,2013,0.91,
KOR,HOSPITALBED,PSYCHIATRIC,1000HAB,A,2014,1.18,B
KOR,HOSPITALBED,PSYCHIATRIC,1000HAB,A,2015,1.25,
KOR,HOSPITALBED,PSYCHIATRIC,1000HAB,A,2016,1.25,
KOR,HOSPITALBED,PSYCHIATRIC,1000HAB,A,2017,1.31,
,,,,,,,
,,,,,,,
,,,,,,,
,,,,,,,
,,,,,,,
,,,,,,,
,,,,,,,
,,,,,,,
,,,,,,,
,,,,,,,
,,,,,,,
,,,,,,,
,,,,,,,
,,,,,,,
,,,,,,,
LUX,HOSPITALBED,ACUTE,1000HAB,A,2004,5.02,
LUX,HOSPITALBED,ACUTE,1000HAB,A,2005,4.54,
LUX,HOSPITALBED,ACUTE,1000HAB,A,2006,4.47,
LUX,HOSPITALBED,ACUTE,1000HAB,A,2007,4.4,
LUX,HOSPITALBED,ACUTE,1000HAB,A,2008,4.32,
LUX,HOSPITALBED,ACUTE,1000HAB,A,2009,4.21,
LUX,HOSPITALBED,ACUTE,1000HAB,A,2010,4.14,
LUX,HOSPITALBED,ACUTE,1000HAB,A,2011,4.06,
LUX,HOSPITALBED,ACUTE,1000HAB,A,2012,3.96,
LUX,HOSPITALBED,ACUTE,1000HAB,A,2013,4.23,B
LUX,HOSPITALBED,ACUTE,1000HAB,A,2014,4.13,
LUX,HOSPITALBED,ACUTE,1000HAB,A,2015,4.03,
LUX,HOSPITALBED,ACUTE,1000HAB,A,2016,3.9,
LUX,HOSPITALBED,ACUTE,1000HAB,A,2017,3.77,
LUX,HOSPITALBED,ACUTE,1000HAB,A,2018,3.7,
LUX,HOSPITALBED,PSYCHIATRIC,1000HAB,A,2004,1.09,
LUX,HOSPITALBED,PSYCHIATRIC,1000HAB,A,2005,0.97,
LUX,HOSPITALBED,PSYCHIATRIC,1000HAB,A,2006,0.91,
LUX,HOSPITALBED,PSYCHIATRIC,1000HAB,A,2007,0.9,
LUX,HOSPITALBED,PSYCHIATRIC,1000HAB,A,2008,0.88,
LUX,HOSPITALBED,PSYCHIATRIC,1000HAB,A,2009,0.9,
LUX,HOSPITALBED,PSYCHIATRIC,1000HAB,A,2010,0.88,
LUX,HOSPITALBED,PSYCHIATRIC,1000HAB,A,2011,0.88,
LUX,HOSPITALBED,PSYCHIATRIC,1000HAB,A,2012,0.86,
LUX,HOSPITALBED,PSYCHIATRIC,1000HAB,A,2013,0.83,
LUX,HOSPITALBED,PSYCHIATRIC,1000HAB,A,2014,0.81,
LUX,HOSPITALBED,PSYCHIATRIC,1000HAB,A,2015,0.79,
LUX,HOSPITALBED,PSYCHIATRIC,1000HAB,A,2016,0.77,
LUX,HOSPITALBED,PSYCHIATRIC,1000HAB,A,2017,0.76,
LUX,HOSPITALBED,PSYCHIATRIC,1000HAB,A,2018,0.74,
,,,,,,,
,,,,,,,
,,,,,,,
,,,,,,,
,,,,,,,
,,,,,,,
,,,,,,,
,,,,,,,
,,,,,,,
,,,,,,,
,,,,,,,
,,,,,,,
,,,,,,,
,,,,,,,
,,,,,,,
,,,,,,,
,,,,,,,
,,,,,,,
,,,,,,,
,,,,,,,
,,,,,,,
,,,,,,,
,,,,,,,
,,,,,,,
,,,,,,,
,,,,,,,
,,,,,,,
,,,,,,,
MEX,HOSPITALBED,ACUTE,1000HAB,A,1990,1.51,D
MEX,HOSPITALBED,ACUTE,1000HAB,A,1991,1.64,D
MEX,HOSPITALBED,ACUTE,1000HAB,A,1992,1.75,D
MEX,HOSPITALBED,ACUTE,1000HAB,A,1993,1.8,D
MEX,HOSPITALBED,ACUTE,1000HAB,A,1994,1.81,D
MEX,HOSPITALBED,ACUTE,1000HAB,A,1995,1.83,D
MEX,HOSPITALBED,ACUTE,1000HAB,A,1996,1.79,D
MEX,HOSPITALBED,ACUTE,1000HAB,A,1997,1.75,D
MEX,HOSPITALBED,ACUTE,1000HAB,A,1998,1.74,D
MEX,HOSPITALBED,ACUTE,1000HAB,A,1999,1.77,D
MEX,HOSPITALBED,ACUTE,1000HAB,A,2000,1.77,D
MEX,HOSPITALBED,ACUTE,1000HAB,A,2001,1.73,D
MEX,HOSPITALBED,ACUTE,1000HAB,A,2002,1.72,D
MEX,HOSPITALBED,ACUTE,1000HAB,A,2003,1.7,D
MEX,HOSPITALBED,ACUTE,1000HAB,A,2004,1.7,D
MEX,HOSPITALBED,ACUTE,1000HAB,A,2005,1.69,D
MEX,HOSPITALBED,ACUTE,1000HAB,A,2006,1.63,D
MEX,HOSPITALBED,ACUTE,1000HAB,A,2007,1.64,D
MEX,HOSPITALBED,ACUTE,1000HAB,A,2008,1.63,D
MEX,HOSPITALBED,ACUTE,1000HAB,A,2009,1.59,D
MEX,HOSPITALBED,ACUTE,1000HAB,A,2010,1.59,D
MEX,HOSPITALBED,ACUTE,1000HAB,A,2011,1.41,B
MEX,HOSPITALBED,ACUTE,1000HAB,A,2012,1.41,
MEX,HOSPITALBED,ACUTE,1000HAB,A,2013,1.44,
MEX,HOSPITALBED,ACUTE,1000HAB,A,2014,1.43,
MEX,HOSPITALBED,ACUTE,1000HAB,A,2015,1.39,
MEX,HOSPITALBED,ACUTE,1000HAB,A,2016,1.39,
MEX,HOSPITALBED,ACUTE,1000HAB,A,2017,1.38,
MEX,HOSPITALBED,PSYCHIATRIC,1000HAB,A,1995,0.05,
MEX,HOSPITALBED,PSYCHIATRIC,1000HAB,A,1996,0.05,
MEX,HOSPITALBED,PSYCHIATRIC,1000HAB,A,1997,0.05,
MEX,HOSPITALBED,PSYCHIATRIC,1000HAB,A,1998,0.05,
MEX,HOSPITALBED,PSYCHIATRIC,1000HAB,A,1999,0.05,
MEX,HOSPITALBED,PSYCHIATRIC,1000HAB,A,2000,0.05,D
MEX,HOSPITALBED,PSYCHIATRIC,1000HAB,A,2001,0.05,D
MEX,HOSPITALBED,PSYCHIATRIC,1000HAB,A,2002,0.05,D
MEX,HOSPITALBED,PSYCHIATRIC,1000HAB,A,2003,0.04,D
MEX,HOSPITALBED,PSYCHIATRIC,1000HAB,A,2004,0.04,D
MEX,HOSPITALBED,PSYCHIATRIC,1000HAB,A,2005,0.04,D
MEX,HOSPITALBED,PSYCHIATRIC,1000HAB,A,2006,0.04,D
MEX,HOSPITALBED,PSYCHIATRIC,1000HAB,A,2007,0.04,D
MEX,HOSPITALBED,PSYCHIATRIC,1000HAB,A,2008,0.04,D
MEX,HOSPITALBED,PSYCHIATRIC,1000HAB,A,2009,0.04,D
MEX,HOSPITALBED,PSYCHIATRIC,1000HAB,A,2010,0.04,D
MEX,HOSPITALBED,PSYCHIATRIC,1000HAB,A,2011,0.04,B
MEX,HOSPITALBED,PSYCHIATRIC,1000HAB,A,2012,0.04,
MEX,HOSPITALBED,PSYCHIATRIC,1000HAB,A,2013,0.04,
MEX,HOSPITALBED,PSYCHIATRIC,1000HAB,A,2014,0.03,
MEX,HOSPITALBED,PSYCHIATRIC,1000HAB,A,2015,0.03,
MEX,HOSPITALBED,PSYCHIATRIC,1000HAB,A,2016,0.03,
MEX,HOSPITALBED,PSYCHIATRIC,1000HAB,A,2017,0.03,
,,,,,,,
,,,,,,,
,,,,,,,
,,,,,,,
,,,,,,,
,,,,,,,
,,,,,,,
,,,,,,,
,,,,,,,
,,,,,,,
,,,,,,,
,,,,,,,
,,,,,,,
,,,,,,,
,,,,,,,
,,,,,,,
,,,,,,,
,,,,,,,
,,,,,,,
,,,,,,,
,,,,,,,
,,,,,,,
,,,,,,,
,,,,,,,
,,,,,,,
NLD,HOSPITALBED,ACUTE,1000HAB,A,1990,3.73,
NLD,HOSPITALBED,ACUTE,1000HAB,A,1991,3.66,
NLD,HOSPITALBED,ACUTE,1000HAB,A,1992,3.63,
NLD,HOSPITALBED,ACUTE,1000HAB,A,1993,3.55,
NLD,HOSPITALBED,ACUTE,1000HAB,A,1994,3.38,B
NLD,HOSPITALBED,ACUTE,1000HAB,A,1995,3.31,
NLD,HOSPITALBED,ACUTE,1000HAB,A,1996,3.25,
NLD,HOSPITALBED,ACUTE,1000HAB,A,1997,3.25,
NLD,HOSPITALBED,ACUTE,1000HAB,A,1998,3.22,
NLD,HOSPITALBED,ACUTE,1000HAB,A,1999,3.17,
NLD,HOSPITALBED,ACUTE,1000HAB,A,2000,3.05,
NLD,HOSPITALBED,ACUTE,1000HAB,A,2001,2.91,B
NLD,HOSPITALBED,ACUTE,1000HAB,A,2002,2.97,
NLD,HOSPITALBED,ACUTE,1000HAB,A,2003,2.92,
NLD,HOSPITALBED,ACUTE,1000HAB,A,2004,2.91,
NLD,HOSPITALBED,ACUTE,1000HAB,A,2005,2.86,
NLD,HOSPITALBED,ACUTE,1000HAB,A,2006,3.18,B
NLD,HOSPITALBED,ACUTE,1000HAB,A,2007,3.17,
NLD,HOSPITALBED,ACUTE,1000HAB,A,2008,3.1,
NLD,HOSPITALBED,ACUTE,1000HAB,A,2009,3.06,
NLD,HOSPITALBED,ACUTE,1000HAB,A,2010,2.85,B
NLD,HOSPITALBED,ACUTE,1000HAB,A,2011,2.79,
NLD,HOSPITALBED,ACUTE,1000HAB,A,2012,3.65,B
NLD,HOSPITALBED,ACUTE,1000HAB,A,2013,3.61,
NLD,HOSPITALBED,ACUTE,1000HAB,A,2015,3.04,
NLD,HOSPITALBED,ACUTE,1000HAB,A,2016,3,
NLD,HOSPITALBED,ACUTE,1000HAB,A,2017,2.92,P
NLD,HOSPITALBED,PSYCHIATRIC,1000HAB,A,1990,1.78,
NLD,HOSPITALBED,PSYCHIATRIC,1000HAB,A,1991,1.77,
NLD,HOSPITALBED,PSYCHIATRIC,1000HAB,A,1992,1.75,
NLD,HOSPITALBED,PSYCHIATRIC,1000HAB,A,1993,1.75,
NLD,HOSPITALBED,PSYCHIATRIC,1000HAB,A,1994,1.73,
NLD,HOSPITALBED,PSYCHIATRIC,1000HAB,A,1995,1.71,B
NLD,HOSPITALBED,PSYCHIATRIC,1000HAB,A,1996,1.72,
NLD,HOSPITALBED,PSYCHIATRIC,1000HAB,A,1997,1.71,
NLD,HOSPITALBED,PSYCHIATRIC,1000HAB,A,1998,1.66,
NLD,HOSPITALBED,PSYCHIATRIC,1000HAB,A,1999,1.65,
NLD,HOSPITALBED,PSYCHIATRIC,1000HAB,A,2000,1.56,
NLD,HOSPITALBED,PSYCHIATRIC,1000HAB,A,2001,1.54,B
NLD,HOSPITALBED,PSYCHIATRIC,1000HAB,A,2002,1.4,
NLD,HOSPITALBED,PSYCHIATRIC,1000HAB,A,2003,1.39,
NLD,HOSPITALBED,PSYCHIATRIC,1000HAB,A,2004,1.36,
NLD,HOSPITALBED,PSYCHIATRIC,1000HAB,A,2005,1.41,
NLD,HOSPITALBED,PSYCHIATRIC,1000HAB,A,2006,1.37,B
NLD,HOSPITALBED,PSYCHIATRIC,1000HAB,A,2007,1.35,
NLD,HOSPITALBED,PSYCHIATRIC,1000HAB,A,2008,1.37,
NLD,HOSPITALBED,PSYCHIATRIC,1000HAB,A,2009,1.39,
NLD,HOSPITALBED,PSYCHIATRIC,1000HAB,A,2012,1.26,B
NLD,HOSPITALBED,PSYCHIATRIC,1000HAB,A,2013,1.27,
NLD,HOSPITALBED,PSYCHIATRIC,1000HAB,A,2015,0.99,
NLD,HOSPITALBED,PSYCHIATRIC,1000HAB,A,2016,0.97,
NLD,HOSPITALBED,PSYCHIATRIC,1000HAB,A,2017,0.91,P
,,,,,,,
,,,,,,,
,,,,,,,
,,,,,,,
,,,,,,,
,,,,,,,
,,,,,,,
,,,,,,,
,,,,,,,
,,,,,,,
NZL,HOSPITALBED,ACUTE,1000HAB,A,2009,2.41,D
NZL,HOSPITALBED,ACUTE,1000HAB,A,2010,2.75,D
NZL,HOSPITALBED,ACUTE,1000HAB,A,2011,2.82,D
NZL,HOSPITALBED,ACUTE,1000HAB,A,2012,2.83,D
NZL,HOSPITALBED,ACUTE,1000HAB,A,2013,2.78,D
NZL,HOSPITALBED,ACUTE,1000HAB,A,2014,2.72,D
NZL,HOSPITALBED,ACUTE,1000HAB,A,2015,2.69,D
NZL,HOSPITALBED,ACUTE,1000HAB,A,2016,2.72,D
NZL,HOSPITALBED,ACUTE,1000HAB,A,2017,2.69,D
NZL,HOSPITALBED,ACUTE,1000HAB,A,2018,2.59,D
NZL,HOSPITALBED,PSYCHIATRIC,1000HAB,A,2009,0.14,
NZL,HOSPITALBED,PSYCHIATRIC,1000HAB,A,2010,0.22,
NZL,HOSPITALBED,PSYCHIATRIC,1000HAB,A,2011,0.2,
NZL,HOSPITALBED,PSYCHIATRIC,1000HAB,A,2012,0.2,
NZL,HOSPITALBED,PSYCHIATRIC,1000HAB,A,2013,0.17,
NZL,HOSPITALBED,PSYCHIATRIC,1000HAB,A,2014,0.23,B
NZL,HOSPITALBED,PSYCHIATRIC,1000HAB,A,2015,0.24,
NZL,HOSPITALBED,PSYCHIATRIC,1000HAB,A,2016,0.31,
NZL,HOSPITALBED,PSYCHIATRIC,1000HAB,A,2017,0.3,
NZL,HOSPITALBED,PSYCHIATRIC,1000HAB,A,2018,0.3,
,,,,,,,
,,,,,,,
,,,,,,,
,,,,,,,
,,,,,,,
,,,,,,,
,,,,,,,
,,,,,,,
,,,,,,,
,,,,,,,
,,,,,,,
,,,,,,,
,,,,,,,
,,,,,,,
,,,,,,,
,,,,,,,
,,,,,,,
,,,,,,,
,,,,,,,
,,,,,,,
,,,,,,,
,,,,,,,
,,,,,,,
,,,,,,,
,,,,,,,
,,,,,,,
,,,,,,,
,,,,,,,
,,,,,,,
,,,,,,,
,,,,,,,
,,,,,,,
,,,,,,,
,,,,,,,
NOR,HOSPITALBED,ACUTE,1000HAB,A,1980,7.27,D
NOR,HOSPITALBED,ACUTE,1000HAB,A,1985,5.97,D
NOR,HOSPITALBED,ACUTE,1000HAB,A,1986,5.87,D
NOR,HOSPITALBED,ACUTE,1000HAB,A,1987,5.75,D
NOR,HOSPITALBED,ACUTE,1000HAB,A,1988,5.4,D
NOR,HOSPITALBED,ACUTE,1000HAB,A,1989,4.96,D
NOR,HOSPITALBED,ACUTE,1000HAB,A,1990,4.67,D
NOR,HOSPITALBED,ACUTE,1000HAB,A,1991,4.35,D
NOR,HOSPITALBED,ACUTE,1000HAB,A,1992,4.21,D
NOR,HOSPITALBED,ACUTE,1000HAB,A,1993,4.12,D
NOR,HOSPITALBED,ACUTE,1000HAB,A,1994,4.08,D
NOR,HOSPITALBED,ACUTE,1000HAB,A,1995,4.02,D
NOR,HOSPITALBED,ACUTE,1000HAB,A,1996,3.97,D
NOR,HOSPITALBED,ACUTE,1000HAB,A,1997,3.95,D
NOR,HOSPITALBED,ACUTE,1000HAB,A,1998,3.92,D
NOR,HOSPITALBED,ACUTE,1000HAB,A,1999,3.89,D
NOR,HOSPITALBED,ACUTE,1000HAB,A,2000,3.8,D
NOR,HOSPITALBED,ACUTE,1000HAB,A,2001,3.82,D
NOR,HOSPITALBED,ACUTE,1000HAB,A,2002,4.39,
NOR,HOSPITALBED,ACUTE,1000HAB,A,2003,4.35,D
NOR,HOSPITALBED,ACUTE,1000HAB,A,2004,4.62,D
NOR,HOSPITALBED,ACUTE,1000HAB,A,2005,4.58,D
NOR,HOSPITALBED,ACUTE,1000HAB,A,2006,4.5,D
NOR,HOSPITALBED,ACUTE,1000HAB,A,2007,4.36,D
NOR,HOSPITALBED,ACUTE,1000HAB,A,2008,4.12,D
NOR,HOSPITALBED,ACUTE,1000HAB,A,2009,4,D
NOR,HOSPITALBED,ACUTE,1000HAB,A,2010,3.81,D
NOR,HOSPITALBED,ACUTE,1000HAB,A,2011,3.79,D
NOR,HOSPITALBED,ACUTE,1000HAB,A,2012,3.55,D
NOR,HOSPITALBED,ACUTE,1000HAB,A,2013,3.45,D
NOR,HOSPITALBED,ACUTE,1000HAB,A,2014,3.43,D
NOR,HOSPITALBED,ACUTE,1000HAB,A,2015,3.36,D
NOR,HOSPITALBED,ACUTE,1000HAB,A,2016,3.29,D
NOR,HOSPITALBED,ACUTE,1000HAB,A,2017,3.2,D
NOR,HOSPITALBED,PSYCHIATRIC,1000HAB,A,1980,1.92,
NOR,HOSPITALBED,PSYCHIATRIC,1000HAB,A,1985,1.27,
NOR,HOSPITALBED,PSYCHIATRIC,1000HAB,A,1986,1.22,
NOR,HOSPITALBED,PSYCHIATRIC,1000HAB,A,1987,1.23,
NOR,HOSPITALBED,PSYCHIATRIC,1000HAB,A,1988,1.18,
NOR,HOSPITALBED,PSYCHIATRIC,1000HAB,A,1989,1.05,
NOR,HOSPITALBED,PSYCHIATRIC,1000HAB,A,1990,0.89,
NOR,HOSPITALBED,PSYCHIATRIC,1000HAB,A,1991,0.81,
NOR,HOSPITALBED,PSYCHIATRIC,1000HAB,A,1992,0.77,
NOR,HOSPITALBED,PSYCHIATRIC,1000HAB,A,1993,0.77,
NOR,HOSPITALBED,PSYCHIATRIC,1000HAB,A,1994,0.73,
NOR,HOSPITALBED,PSYCHIATRIC,1000HAB,A,1995,0.71,
NOR,HOSPITALBED,PSYCHIATRIC,1000HAB,A,1996,0.69,
NOR,HOSPITALBED,PSYCHIATRIC,1000HAB,A,1997,0.69,
NOR,HOSPITALBED,PSYCHIATRIC,1000HAB,A,1998,0.72,
NOR,HOSPITALBED,PSYCHIATRIC,1000HAB,A,1999,0.71,
NOR,HOSPITALBED,PSYCHIATRIC,1000HAB,A,2000,0.69,
NOR,HOSPITALBED,PSYCHIATRIC,1000HAB,A,2001,0.73,
NOR,HOSPITALBED,PSYCHIATRIC,1000HAB,A,2002,1.27,B
NOR,HOSPITALBED,PSYCHIATRIC,1000HAB,A,2003,1.23,
NOR,HOSPITALBED,PSYCHIATRIC,1000HAB,A,2004,1.52,
NOR,HOSPITALBED,PSYCHIATRIC,1000HAB,A,2005,1.55,
NOR,HOSPITALBED,PSYCHIATRIC,1000HAB,A,2006,1.53,
NOR,HOSPITALBED,PSYCHIATRIC,1000HAB,A,2007,1.48,
NOR,HOSPITALBED,PSYCHIATRIC,1000HAB,A,2008,1.4,
NOR,HOSPITALBED,PSYCHIATRIC,1000HAB,A,2009,1.37,
NOR,HOSPITALBED,PSYCHIATRIC,1000HAB,A,2010,1.34,
NOR,HOSPITALBED,PSYCHIATRIC,1000HAB,A,2011,1.3,
NOR,HOSPITALBED,PSYCHIATRIC,1000HAB,A,2012,1.21,
NOR,HOSPITALBED,PSYCHIATRIC,1000HAB,A,2013,1.16,
NOR,HOSPITALBED,PSYCHIATRIC,1000HAB,A,2014,1.16,
NOR,HOSPITALBED,PSYCHIATRIC,1000HAB,A,2015,1.14,
NOR,HOSPITALBED,PSYCHIATRIC,1000HAB,A,2016,1.11,
NOR,HOSPITALBED,PSYCHIATRIC,1000HAB,A,2017,1.07,
,,,,,,,
,,,,,,,
,,,,,,,
,,,,,,,
,,,,,,,
,,,,,,,
,,,,,,,
,,,,,,,
,,,,,,,
,,,,,,,
,,,,,,,
,,,,,,,
,,,,,,,
,,,,,,,
,,,,,,,
POL,HOSPITALBED,ACUTE,1000HAB,A,1960,4.56,
POL,HOSPITALBED,ACUTE,1000HAB,A,1961,4.65,
POL,HOSPITALBED,ACUTE,1000HAB,A,1962,4.73,
POL,HOSPITALBED,ACUTE,1000HAB,A,1963,4.8,
POL,HOSPITALBED,ACUTE,1000HAB,A,1964,4.87,
POL,HOSPITALBED,ACUTE,1000HAB,A,1965,4.91,
POL,HOSPITALBED,ACUTE,1000HAB,A,1966,5.04,
POL,HOSPITALBED,ACUTE,1000HAB,A,1967,5.07,
POL,HOSPITALBED,ACUTE,1000HAB,A,1968,5.1,
POL,HOSPITALBED,ACUTE,1000HAB,A,1969,5.14,
POL,HOSPITALBED,ACUTE,1000HAB,A,1970,5.12,
POL,HOSPITALBED,ACUTE,1000HAB,A,1980,5.57,
POL,HOSPITALBED,ACUTE,1000HAB,A,1985,5.66,
POL,HOSPITALBED,ACUTE,1000HAB,A,1986,5.65,
POL,HOSPITALBED,ACUTE,1000HAB,A,1987,5.67,
POL,HOSPITALBED,ACUTE,1000HAB,A,1988,6.13,
POL,HOSPITALBED,ACUTE,1000HAB,A,1989,6.06,
POL,HOSPITALBED,ACUTE,1000HAB,A,1990,6.33,
POL,HOSPITALBED,ACUTE,1000HAB,A,1991,6.3,
POL,HOSPITALBED,ACUTE,1000HAB,A,1992,6.21,
POL,HOSPITALBED,ACUTE,1000HAB,A,1993,5.84,
POL,HOSPITALBED,ACUTE,1000HAB,A,1994,5.81,
POL,HOSPITALBED,ACUTE,1000HAB,A,1995,5.76,
POL,HOSPITALBED,ACUTE,1000HAB,A,1996,5.73,
POL,HOSPITALBED,ACUTE,1000HAB,A,1997,5.64,
POL,HOSPITALBED,ACUTE,1000HAB,A,1998,5.53,
POL,HOSPITALBED,ACUTE,1000HAB,A,1999,5.3,
POL,HOSPITALBED,ACUTE,1000HAB,A,2000,5.15,
POL,HOSPITALBED,ACUTE,1000HAB,A,2001,5.07,
POL,HOSPITALBED,ACUTE,1000HAB,A,2002,4.89,
POL,HOSPITALBED,ACUTE,1000HAB,A,2003,4.86,B
POL,HOSPITALBED,ACUTE,1000HAB,A,2004,4.79,
POL,HOSPITALBED,ACUTE,1000HAB,A,2005,4.69,
POL,HOSPITALBED,ACUTE,1000HAB,A,2006,4.65,
POL,HOSPITALBED,ACUTE,1000HAB,A,2007,4.62,
POL,HOSPITALBED,ACUTE,1000HAB,A,2008,4.41,B
POL,HOSPITALBED,ACUTE,1000HAB,A,2009,4.39,
POL,HOSPITALBED,ACUTE,1000HAB,A,2010,4.98,B
POL,HOSPITALBED,ACUTE,1000HAB,A,2011,4.95,
POL,HOSPITALBED,ACUTE,1000HAB,A,2012,4.96,B
POL,HOSPITALBED,ACUTE,1000HAB,A,2013,4.94,
POL,HOSPITALBED,ACUTE,1000HAB,A,2014,4.95,
POL,HOSPITALBED,ACUTE,1000HAB,A,2015,4.91,
POL,HOSPITALBED,ACUTE,1000HAB,A,2016,4.92,
POL,HOSPITALBED,ACUTE,1000HAB,A,2017,4.85,
POL,HOSPITALBED,PSYCHIATRIC,1000HAB,A,2003,0.71,
POL,HOSPITALBED,PSYCHIATRIC,1000HAB,A,2004,0.69,
POL,HOSPITALBED,PSYCHIATRIC,1000HAB,A,2005,0.67,
POL,HOSPITALBED,PSYCHIATRIC,1000HAB,A,2006,0.68,
POL,HOSPITALBED,PSYCHIATRIC,1000HAB,A,2007,0.67,
POL,HOSPITALBED,PSYCHIATRIC,1000HAB,A,2008,0.65,
POL,HOSPITALBED,PSYCHIATRIC,1000HAB,A,2009,0.64,
POL,HOSPITALBED,PSYCHIATRIC,1000HAB,A,2010,0.63,
POL,HOSPITALBED,PSYCHIATRIC,1000HAB,A,2011,0.64,
POL,HOSPITALBED,PSYCHIATRIC,1000HAB,A,2012,0.64,B
POL,HOSPITALBED,PSYCHIATRIC,1000HAB,A,2013,0.64,
POL,HOSPITALBED,PSYCHIATRIC,1000HAB,A,2014,0.65,
POL,HOSPITALBED,PSYCHIATRIC,1000HAB,A,2015,0.65,
POL,HOSPITALBED,PSYCHIATRIC,1000HAB,A,2016,0.66,
POL,HOSPITALBED,PSYCHIATRIC,1000HAB,A,2017,0.65,
,,,,,,,
,,,,,,,
,,,,,,,
,,,,,,,
,,,,,,,
,,,,,,,
,,,,,,,
,,,,,,,
,,,,,,,
,,,,,,,
,,,,,,,
,,,,,,,
,,,,,,,
,,,,,,,
,,,,,,,
,,,,,,,
,,,,,,,
,,,,,,,
,,,,,,,
,,,,,,,
,,,,,,,
,,,,,,,
,,,,,,,
,,,,,,,
,,,,,,,
,,,,,,,
,,,,,,,
,,,,,,,
,,,,,,,
,,,,,,,
,,,,,,,
,,,,,,,
,,,,,,,
PRT,HOSPITALBED,ACUTE,1000HAB,A,1999,3.69,
PRT,HOSPITALBED,ACUTE,1000HAB,A,2000,3.66,
PRT,HOSPITALBED,ACUTE,1000HAB,A,2001,3.59,
PRT,HOSPITALBED,ACUTE,1000HAB,A,2002,3.51,
PRT,HOSPITALBED,ACUTE,1000HAB,A,2003,3.53,
PRT,HOSPITALBED,ACUTE,1000HAB,A,2004,3.53,
PRT,HOSPITALBED,ACUTE,1000HAB,A,2005,3.49,
PRT,HOSPITALBED,ACUTE,1000HAB,A,2006,3.41,
PRT,HOSPITALBED,ACUTE,1000HAB,A,2007,3.36,
PRT,HOSPITALBED,ACUTE,1000HAB,A,2008,3.33,
PRT,HOSPITALBED,ACUTE,1000HAB,A,2009,3.3,
PRT,HOSPITALBED,ACUTE,1000HAB,A,2010,3.29,
PRT,HOSPITALBED,ACUTE,1000HAB,A,2011,3.3,
PRT,HOSPITALBED,ACUTE,1000HAB,A,2012,3.34,
PRT,HOSPITALBED,ACUTE,1000HAB,A,2013,3.32,
PRT,HOSPITALBED,ACUTE,1000HAB,A,2014,3.25,
PRT,HOSPITALBED,ACUTE,1000HAB,A,2015,3.23,
PRT,HOSPITALBED,ACUTE,1000HAB,A,2016,3.25,
PRT,HOSPITALBED,ACUTE,1000HAB,A,2017,3.25,
PRT,HOSPITALBED,PSYCHIATRIC,1000HAB,A,1985,0.85,
PRT,HOSPITALBED,PSYCHIATRIC,1000HAB,A,1986,0.9,
PRT,HOSPITALBED,PSYCHIATRIC,1000HAB,A,1987,0.91,
PRT,HOSPITALBED,PSYCHIATRIC,1000HAB,A,1988,0.88,
PRT,HOSPITALBED,PSYCHIATRIC,1000HAB,A,1989,0.88,
PRT,HOSPITALBED,PSYCHIATRIC,1000HAB,A,1990,0.88,
PRT,HOSPITALBED,PSYCHIATRIC,1000HAB,A,1991,0.86,
PRT,HOSPITALBED,PSYCHIATRIC,1000HAB,A,1992,0.73,
PRT,HOSPITALBED,PSYCHIATRIC,1000HAB,A,1993,0.72,
PRT,HOSPITALBED,PSYCHIATRIC,1000HAB,A,1994,0.72,
PRT,HOSPITALBED,PSYCHIATRIC,1000HAB,A,1995,0.72,
PRT,HOSPITALBED,PSYCHIATRIC,1000HAB,A,1996,0.73,
PRT,HOSPITALBED,PSYCHIATRIC,1000HAB,A,1997,0.7,
PRT,HOSPITALBED,PSYCHIATRIC,1000HAB,A,1998,0.68,
PRT,HOSPITALBED,PSYCHIATRIC,1000HAB,A,1999,0.79,B
PRT,HOSPITALBED,PSYCHIATRIC,1000HAB,A,2000,0.77,
PRT,HOSPITALBED,PSYCHIATRIC,1000HAB,A,2001,0.75,
PRT,HOSPITALBED,PSYCHIATRIC,1000HAB,A,2002,0.71,
PRT,HOSPITALBED,PSYCHIATRIC,1000HAB,A,2003,0.72,
PRT,HOSPITALBED,PSYCHIATRIC,1000HAB,A,2004,0.72,
PRT,HOSPITALBED,PSYCHIATRIC,1000HAB,A,2005,0.71,
PRT,HOSPITALBED,PSYCHIATRIC,1000HAB,A,2006,0.7,
PRT,HOSPITALBED,PSYCHIATRIC,1000HAB,A,2007,0.69,
PRT,HOSPITALBED,PSYCHIATRIC,1000HAB,A,2008,0.67,
PRT,HOSPITALBED,PSYCHIATRIC,1000HAB,A,2009,0.66,
PRT,HOSPITALBED,PSYCHIATRIC,1000HAB,A,2010,0.64,
PRT,HOSPITALBED,PSYCHIATRIC,1000HAB,A,2011,0.64,
PRT,HOSPITALBED,PSYCHIATRIC,1000HAB,A,2012,0.62,
PRT,HOSPITALBED,PSYCHIATRIC,1000HAB,A,2013,0.65,
PRT,HOSPITALBED,PSYCHIATRIC,1000HAB,A,2014,0.63,
PRT,HOSPITALBED,PSYCHIATRIC,1000HAB,A,2015,0.64,
PRT,HOSPITALBED,PSYCHIATRIC,1000HAB,A,2016,0.64,
PRT,HOSPITALBED,PSYCHIATRIC,1000HAB,A,2017,0.64,
,,,,,,,
,,,,,,,
,,,,,,,
,,,,,,,
,,,,,,,
,,,,,,,
,,,,,,,
,,,,,,,
,,,,,,,
,,,,,,,
,,,,,,,
,,,,,,,
,,,,,,,
,,,,,,,
,,,,,,,
,,,,,,,
,,,,,,,
,,,,,,,
,,,,,,,
,,,,,,,
,,,,,,,
,,,,,,,
SVK,HOSPITALBED,ACUTE,1000HAB,A,1996,6.94,
SVK,HOSPITALBED,ACUTE,1000HAB,A,1997,6.76,
SVK,HOSPITALBED,ACUTE,1000HAB,A,1998,6.62,
SVK,HOSPITALBED,ACUTE,1000HAB,A,1999,6.58,
SVK,HOSPITALBED,ACUTE,1000HAB,A,2000,6.4,
SVK,HOSPITALBED,ACUTE,1000HAB,A,2001,6.18,
SVK,HOSPITALBED,ACUTE,1000HAB,A,2002,6.11,
SVK,HOSPITALBED,ACUTE,1000HAB,A,2003,5.8,
SVK,HOSPITALBED,ACUTE,1000HAB,A,2004,5.53,
SVK,HOSPITALBED,ACUTE,1000HAB,A,2005,5.67,B
SVK,HOSPITALBED,ACUTE,1000HAB,A,2006,5.55,
SVK,HOSPITALBED,ACUTE,1000HAB,A,2007,5.6,
SVK,HOSPITALBED,ACUTE,1000HAB,A,2008,5.54,
SVK,HOSPITALBED,ACUTE,1000HAB,A,2009,5.46,
SVK,HOSPITALBED,ACUTE,1000HAB,A,2010,5.4,
SVK,HOSPITALBED,ACUTE,1000HAB,A,2011,5.13,
SVK,HOSPITALBED,ACUTE,1000HAB,A,2012,5.03,
SVK,HOSPITALBED,ACUTE,1000HAB,A,2013,4.92,
SVK,HOSPITALBED,ACUTE,1000HAB,A,2014,4.92,
SVK,HOSPITALBED,ACUTE,1000HAB,A,2015,4.87,
SVK,HOSPITALBED,ACUTE,1000HAB,A,2016,4.88,
SVK,HOSPITALBED,ACUTE,1000HAB,A,2017,4.91,
SVK,HOSPITALBED,PSYCHIATRIC,1000HAB,A,1996,0.91,
SVK,HOSPITALBED,PSYCHIATRIC,1000HAB,A,1997,0.93,
SVK,HOSPITALBED,PSYCHIATRIC,1000HAB,A,1998,0.93,
SVK,HOSPITALBED,PSYCHIATRIC,1000HAB,A,1999,0.93,
SVK,HOSPITALBED,PSYCHIATRIC,1000HAB,A,2000,0.93,
SVK,HOSPITALBED,PSYCHIATRIC,1000HAB,A,2001,0.93,
SVK,HOSPITALBED,PSYCHIATRIC,1000HAB,A,2002,0.94,
SVK,HOSPITALBED,PSYCHIATRIC,1000HAB,A,2003,0.9,
SVK,HOSPITALBED,PSYCHIATRIC,1000HAB,A,2004,0.87,
SVK,HOSPITALBED,PSYCHIATRIC,1000HAB,A,2005,0.84,
SVK,HOSPITALBED,PSYCHIATRIC,1000HAB,A,2006,0.84,
SVK,HOSPITALBED,PSYCHIATRIC,1000HAB,A,2007,0.83,
SVK,HOSPITALBED,PSYCHIATRIC,1000HAB,A,2008,0.81,
SVK,HOSPITALBED,PSYCHIATRIC,1000HAB,A,2009,0.8,
SVK,HOSPITALBED,PSYCHIATRIC,1000HAB,A,2010,0.8,
SVK,HOSPITALBED,PSYCHIATRIC,1000HAB,A,2011,0.77,
SVK,HOSPITALBED,PSYCHIATRIC,1000HAB,A,2012,0.78,
SVK,HOSPITALBED,PSYCHIATRIC,1000HAB,A,2013,0.82,
SVK,HOSPITALBED,PSYCHIATRIC,1000HAB,A,2014,0.82,
SVK,HOSPITALBED,PSYCHIATRIC,1000HAB,A,2015,0.81,
SVK,HOSPITALBED,PSYCHIATRIC,1000HAB,A,2016,0.81,
SVK,HOSPITALBED,PSYCHIATRIC,1000HAB,A,2017,0.81,
,,,,,,,
,,,,,,,
,,,,,,,
,,,,,,,
,,,,,,,
,,,,,,,
,,,,,,,
,,,,,,,
,,,,,,,
,,,,,,,
,,,,,,,
,,,,,,,
,,,,,,,
,,,,,,,
,,,,,,,
,,,,,,,
,,,,,,,
,,,,,,,
,,,,,,,
,,,,,,,
,,,,,,,
,,,,,,,
,,,,,,,
,,,,,,,
,,,,,,,
,,,,,,,
,,,,,,,
,,,,,,,
,,,,,,,
,,,,,,,
,,,,,,,
,,,,,,,
,,,,,,,
,,,,,,,
,,,,,,,
ESP,HOSPITALBED,ACUTE,1000HAB,A,1985,3.51,
ESP,HOSPITALBED,ACUTE,1000HAB,A,1986,3.44,
ESP,HOSPITALBED,ACUTE,1000HAB,A,1987,3.46,
ESP,HOSPITALBED,ACUTE,1000HAB,A,1988,3.44,
ESP,HOSPITALBED,ACUTE,1000HAB,A,1989,3.39,
ESP,HOSPITALBED,ACUTE,1000HAB,A,1990,3.34,
ESP,HOSPITALBED,ACUTE,1000HAB,A,1991,3.26,
ESP,HOSPITALBED,ACUTE,1000HAB,A,1992,3.16,
ESP,HOSPITALBED,ACUTE,1000HAB,A,1993,3.1,
ESP,HOSPITALBED,ACUTE,1000HAB,A,1994,3.08,
ESP,HOSPITALBED,ACUTE,1000HAB,A,1995,3,
ESP,HOSPITALBED,ACUTE,1000HAB,A,1996,3.05,B
ESP,HOSPITALBED,ACUTE,1000HAB,A,1997,3,
ESP,HOSPITALBED,ACUTE,1000HAB,A,1998,2.96,
ESP,HOSPITALBED,ACUTE,1000HAB,A,1999,2.94,
ESP,HOSPITALBED,ACUTE,1000HAB,A,2000,2.89,
ESP,HOSPITALBED,ACUTE,1000HAB,A,2001,2.84,
ESP,HOSPITALBED,ACUTE,1000HAB,A,2002,2.78,
ESP,HOSPITALBED,ACUTE,1000HAB,A,2003,2.7,
ESP,HOSPITALBED,ACUTE,1000HAB,A,2004,2.68,
ESP,HOSPITALBED,ACUTE,1000HAB,A,2005,2.65,
ESP,HOSPITALBED,ACUTE,1000HAB,A,2006,2.61,
ESP,HOSPITALBED,ACUTE,1000HAB,A,2007,2.6,
ESP,HOSPITALBED,ACUTE,1000HAB,A,2008,2.56,
ESP,HOSPITALBED,ACUTE,1000HAB,A,2009,2.53,
ESP,HOSPITALBED,ACUTE,1000HAB,A,2010,2.49,
ESP,HOSPITALBED,ACUTE,1000HAB,A,2011,2.43,
ESP,HOSPITALBED,ACUTE,1000HAB,A,2012,2.38,
ESP,HOSPITALBED,ACUTE,1000HAB,A,2013,2.36,
ESP,HOSPITALBED,ACUTE,1000HAB,A,2014,2.37,
ESP,HOSPITALBED,ACUTE,1000HAB,A,2015,2.41,
ESP,HOSPITALBED,ACUTE,1000HAB,A,2016,2.39,
ESP,HOSPITALBED,ACUTE,1000HAB,A,2017,2.43,P
ESP,HOSPITALBED,PSYCHIATRIC,1000HAB,A,1985,0.92,
ESP,HOSPITALBED,PSYCHIATRIC,1000HAB,A,1986,0.86,
ESP,HOSPITALBED,PSYCHIATRIC,1000HAB,A,1987,0.81,
ESP,HOSPITALBED,PSYCHIATRIC,1000HAB,A,1988,0.78,
ESP,HOSPITALBED,PSYCHIATRIC,1000HAB,A,1989,0.76,
ESP,HOSPITALBED,PSYCHIATRIC,1000HAB,A,1990,0.71,
ESP,HOSPITALBED,PSYCHIATRIC,1000HAB,A,1991,0.68,
ESP,HOSPITALBED,PSYCHIATRIC,1000HAB,A,1992,0.64,
ESP,HOSPITALBED,PSYCHIATRIC,1000HAB,A,1993,0.62,
ESP,HOSPITALBED,PSYCHIATRIC,1000HAB,A,1994,0.61,
ESP,HOSPITALBED,PSYCHIATRIC,1000HAB,A,1995,0.6,
ESP,HOSPITALBED,PSYCHIATRIC,1000HAB,A,1996,0.58,
ESP,HOSPITALBED,PSYCHIATRIC,1000HAB,A,1997,0.56,
ESP,HOSPITALBED,PSYCHIATRIC,1000HAB,A,1998,0.52,
ESP,HOSPITALBED,PSYCHIATRIC,1000HAB,A,1999,0.53,
ESP,HOSPITALBED,PSYCHIATRIC,1000HAB,A,2000,0.51,
ESP,HOSPITALBED,PSYCHIATRIC,1000HAB,A,2001,0.51,
ESP,HOSPITALBED,PSYCHIATRIC,1000HAB,A,2002,0.5,
ESP,HOSPITALBED,PSYCHIATRIC,1000HAB,A,2003,0.48,
ESP,HOSPITALBED,PSYCHIATRIC,1000HAB,A,2004,0.47,
ESP,HOSPITALBED,PSYCHIATRIC,1000HAB,A,2005,0.46,
ESP,HOSPITALBED,PSYCHIATRIC,1000HAB,A,2006,0.46,
ESP,HOSPITALBED,PSYCHIATRIC,1000HAB,A,2007,0.41,
ESP,HOSPITALBED,PSYCHIATRIC,1000HAB,A,2008,0.41,
ESP,HOSPITALBED,PSYCHIATRIC,1000HAB,A,2009,0.41,
ESP,HOSPITALBED,PSYCHIATRIC,1000HAB,A,2010,0.4,
ESP,HOSPITALBED,PSYCHIATRIC,1000HAB,A,2011,0.38,
ESP,HOSPITALBED,PSYCHIATRIC,1000HAB,A,2012,0.36,
ESP,HOSPITALBED,PSYCHIATRIC,1000HAB,A,2013,0.36,
ESP,HOSPITALBED,PSYCHIATRIC,1000HAB,A,2014,0.36,
ESP,HOSPITALBED,PSYCHIATRIC,1000HAB,A,2015,0.36,
ESP,HOSPITALBED,PSYCHIATRIC,1000HAB,A,2016,0.36,
ESP,HOSPITALBED,PSYCHIATRIC,1000HAB,A,2017,0.36,P
,,,,,,,
,,,,,,,
,,,,,,,
,,,,,,,
,,,,,,,
,,,,,,,
,,,,,,,
,,,,,,,
,,,,,,,
,,,,,,,
,,,,,,,
,,,,,,,
,,,,,,,
,,,,,,,
,,,,,,,
,,,,,,,
,,,,,,,
,,,,,,,
,,,,,,,
,,,,,,,
,,,,,,,
,,,,,,,
,,,,,,,
,,,,,,,
,,,,,,,
,,,,,,,
,,,,,,,
,,,,,,,
,,,,,,,
,,,,,,,
,,,,,,,
,,,,,,,
,,,,,,,
,,,,,,,
,,,,,,,
,,,,,,,
,,,,,,,
,,,,,,,
,,,,,,,
,,,,,,,
,,,,,,,
,,,,,,,
,,,,,,,
,,,,,,,
,,,,,,,
,,,,,,,
,,,,,,,
,,,,,,,
,,,,,,,
,,,,,,,
,,,,,,,
,,,,,,,
,,,,,,,
,,,,,,,
,,,,,,,
,,,,,,,
,,,,,,,
,,,,,,,
SWE,HOSPITALBED,ACUTE,1000HAB,A,1973,9.64,D
SWE,HOSPITALBED,ACUTE,1000HAB,A,1974,9.48,D
SWE,HOSPITALBED,ACUTE,1000HAB,A,1975,9.3,D
SWE,HOSPITALBED,ACUTE,1000HAB,A,1976,9.13,D
SWE,HOSPITALBED,ACUTE,1000HAB,A,1977,8.97,D
SWE,HOSPITALBED,ACUTE,1000HAB,A,1978,8.84,D
SWE,HOSPITALBED,ACUTE,1000HAB,A,1979,8.51,D
SWE,HOSPITALBED,ACUTE,1000HAB,A,1980,8.33,D
SWE,HOSPITALBED,ACUTE,1000HAB,A,1981,8.12,D
SWE,HOSPITALBED,ACUTE,1000HAB,A,1982,7.87,D
SWE,HOSPITALBED,ACUTE,1000HAB,A,1983,7.78,D
SWE,HOSPITALBED,ACUTE,1000HAB,A,1984,7.61,D
SWE,HOSPITALBED,ACUTE,1000HAB,A,1985,7.14,D
SWE,HOSPITALBED,ACUTE,1000HAB,A,1986,6.8,D
SWE,HOSPITALBED,ACUTE,1000HAB,A,1987,6.52,D
SWE,HOSPITALBED,ACUTE,1000HAB,A,1988,6.3,D
SWE,HOSPITALBED,ACUTE,1000HAB,A,1989,6.09,D
SWE,HOSPITALBED,ACUTE,1000HAB,A,1990,5.83,D
SWE,HOSPITALBED,ACUTE,1000HAB,A,1991,5.44,D
SWE,HOSPITALBED,ACUTE,1000HAB,A,1992,5.03,D
SWE,HOSPITALBED,ACUTE,1000HAB,A,1993,4.65,D
SWE,HOSPITALBED,ACUTE,1000HAB,A,1994,4.32,D
SWE,HOSPITALBED,ACUTE,1000HAB,A,1995,3.99,D
SWE,HOSPITALBED,ACUTE,1000HAB,A,1996,3.65,D
SWE,HOSPITALBED,ACUTE,1000HAB,A,1997,3.4,D
SWE,HOSPITALBED,ACUTE,1000HAB,A,1998,3.23,D
SWE,HOSPITALBED,ACUTE,1000HAB,A,1999,3.19,D
SWE,HOSPITALBED,ACUTE,1000HAB,A,2000,3.1,D
SWE,HOSPITALBED,ACUTE,1000HAB,A,2001,2.93,
SWE,HOSPITALBED,ACUTE,1000HAB,A,2002,2.83,D
SWE,HOSPITALBED,ACUTE,1000HAB,A,2003,2.75,D
SWE,HOSPITALBED,ACUTE,1000HAB,A,2004,2.73,D
SWE,HOSPITALBED,ACUTE,1000HAB,A,2005,2.66,D
SWE,HOSPITALBED,ACUTE,1000HAB,A,2006,2.61,D
SWE,HOSPITALBED,ACUTE,1000HAB,A,2007,2.6,D
SWE,HOSPITALBED,ACUTE,1000HAB,A,2008,2.55,D
SWE,HOSPITALBED,ACUTE,1000HAB,A,2009,2.52,D
SWE,HOSPITALBED,ACUTE,1000HAB,A,2010,2.5,D
SWE,HOSPITALBED,ACUTE,1000HAB,A,2011,2.48,D
SWE,HOSPITALBED,ACUTE,1000HAB,A,2012,2.46,
SWE,HOSPITALBED,ACUTE,1000HAB,A,2013,2.4,D
SWE,HOSPITALBED,ACUTE,1000HAB,A,2014,2.35,D
SWE,HOSPITALBED,ACUTE,1000HAB,A,2015,2.26,D
SWE,HOSPITALBED,ACUTE,1000HAB,A,2016,2.15,D
SWE,HOSPITALBED,ACUTE,1000HAB,A,2017,2.04,D
SWE,HOSPITALBED,PSYCHIATRIC,1000HAB,A,1973,4.17,
SWE,HOSPITALBED,PSYCHIATRIC,1000HAB,A,1974,4.06,
SWE,HOSPITALBED,PSYCHIATRIC,1000HAB,A,1975,3.94,
SWE,HOSPITALBED,PSYCHIATRIC,1000HAB,A,1976,3.81,
SWE,HOSPITALBED,PSYCHIATRIC,1000HAB,A,1977,3.71,
SWE,HOSPITALBED,PSYCHIATRIC,1000HAB,A,1978,3.6,
SWE,HOSPITALBED,PSYCHIATRIC,1000HAB,A,1979,3.38,
SWE,HOSPITALBED,PSYCHIATRIC,1000HAB,A,1980,3.24,
SWE,HOSPITALBED,PSYCHIATRIC,1000HAB,A,1981,3.11,
SWE,HOSPITALBED,PSYCHIATRIC,1000HAB,A,1982,2.98,
SWE,HOSPITALBED,PSYCHIATRIC,1000HAB,A,1983,2.92,
SWE,HOSPITALBED,PSYCHIATRIC,1000HAB,A,1984,2.86,
SWE,HOSPITALBED,PSYCHIATRIC,1000HAB,A,1985,2.5,
SWE,HOSPITALBED,PSYCHIATRIC,1000HAB,A,1986,2.29,
SWE,HOSPITALBED,PSYCHIATRIC,1000HAB,A,1987,2.12,
SWE,HOSPITALBED,PSYCHIATRIC,1000HAB,A,1988,2,
SWE,HOSPITALBED,PSYCHIATRIC,1000HAB,A,1989,1.83,
SWE,HOSPITALBED,PSYCHIATRIC,1000HAB,A,1990,1.7,
SWE,HOSPITALBED,PSYCHIATRIC,1000HAB,A,1991,1.5,
SWE,HOSPITALBED,PSYCHIATRIC,1000HAB,A,1992,1.37,
SWE,HOSPITALBED,PSYCHIATRIC,1000HAB,A,1993,1.25,
SWE,HOSPITALBED,PSYCHIATRIC,1000HAB,A,1994,1.12,
SWE,HOSPITALBED,PSYCHIATRIC,1000HAB,A,1995,0.95,
SWE,HOSPITALBED,PSYCHIATRIC,1000HAB,A,1996,0.82,
SWE,HOSPITALBED,PSYCHIATRIC,1000HAB,A,1997,0.71,
SWE,HOSPITALBED,PSYCHIATRIC,1000HAB,A,1998,0.66,
SWE,HOSPITALBED,PSYCHIATRIC,1000HAB,A,1999,0.65,
SWE,HOSPITALBED,PSYCHIATRIC,1000HAB,A,2000,0.63,
SWE,HOSPITALBED,PSYCHIATRIC,1000HAB,A,2001,0.59,B
SWE,HOSPITALBED,PSYCHIATRIC,1000HAB,A,2002,0.54,
SWE,HOSPITALBED,PSYCHIATRIC,1000HAB,A,2003,0.51,
SWE,HOSPITALBED,PSYCHIATRIC,1000HAB,A,2004,0.5,
SWE,HOSPITALBED,PSYCHIATRIC,1000HAB,A,2005,0.48,
SWE,HOSPITALBED,PSYCHIATRIC,1000HAB,A,2006,0.49,
SWE,HOSPITALBED,PSYCHIATRIC,1000HAB,A,2007,0.49,
SWE,HOSPITALBED,PSYCHIATRIC,1000HAB,A,2008,0.48,
SWE,HOSPITALBED,PSYCHIATRIC,1000HAB,A,2009,0.48,
SWE,HOSPITALBED,PSYCHIATRIC,1000HAB,A,2010,0.48,
SWE,HOSPITALBED,PSYCHIATRIC,1000HAB,A,2011,0.47,
SWE,HOSPITALBED,PSYCHIATRIC,1000HAB,A,2012,0.46,B
SWE,HOSPITALBED,PSYCHIATRIC,1000HAB,A,2013,0.46,
SWE,HOSPITALBED,PSYCHIATRIC,1000HAB,A,2014,0.45,
SWE,HOSPITALBED,PSYCHIATRIC,1000HAB,A,2015,0.44,
SWE,HOSPITALBED,PSYCHIATRIC,1000HAB,A,2016,0.43,
SWE,HOSPITALBED,PSYCHIATRIC,1000HAB,A,2017,0.43,
,,,,,,,
,,,,,,,
,,,,,,,
,,,,,,,
,,,,,,,
,,,,,,,
,,,,,,,
,,,,,,,
,,,,,,,
,,,,,,,
,,,,,,,
,,,,,,,
,,,,,,,
,,,,,,,
,,,,,,,
,,,,,,,
,,,,,,,
,,,,,,,
,,,,,,,
,,,,,,,
CHE,HOSPITALBED,ACUTE,1000HAB,A,1998,5.61,
CHE,HOSPITALBED,ACUTE,1000HAB,A,1999,5.64,
CHE,HOSPITALBED,ACUTE,1000HAB,A,2000,5.31,
CHE,HOSPITALBED,ACUTE,1000HAB,A,2001,5.11,
CHE,HOSPITALBED,ACUTE,1000HAB,A,2002,5.04,
CHE,HOSPITALBED,ACUTE,1000HAB,A,2003,4.93,
CHE,HOSPITALBED,ACUTE,1000HAB,A,2004,4.83,
CHE,HOSPITALBED,ACUTE,1000HAB,A,2005,4.71,
CHE,HOSPITALBED,ACUTE,1000HAB,A,2006,4.54,
CHE,HOSPITALBED,ACUTE,1000HAB,A,2007,4.48,
CHE,HOSPITALBED,ACUTE,1000HAB,A,2008,4.35,
CHE,HOSPITALBED,ACUTE,1000HAB,A,2009,4.27,
CHE,HOSPITALBED,ACUTE,1000HAB,A,2010,3.9,B
CHE,HOSPITALBED,ACUTE,1000HAB,A,2011,3.79,
CHE,HOSPITALBED,ACUTE,1000HAB,A,2012,3.73,
CHE,HOSPITALBED,ACUTE,1000HAB,A,2013,3.66,
CHE,HOSPITALBED,ACUTE,1000HAB,A,2014,3.62,
CHE,HOSPITALBED,ACUTE,1000HAB,A,2015,3.58,
CHE,HOSPITALBED,ACUTE,1000HAB,A,2016,3.49,
CHE,HOSPITALBED,ACUTE,1000HAB,A,2017,3.56,
CHE,HOSPITALBED,PSYCHIATRIC,1000HAB,A,1998,1.2,
CHE,HOSPITALBED,PSYCHIATRIC,1000HAB,A,1999,1.2,
CHE,HOSPITALBED,PSYCHIATRIC,1000HAB,A,2000,1.2,
CHE,HOSPITALBED,PSYCHIATRIC,1000HAB,A,2001,1.13,
CHE,HOSPITALBED,PSYCHIATRIC,1000HAB,A,2002,1.1,
CHE,HOSPITALBED,PSYCHIATRIC,1000HAB,A,2003,1.07,
CHE,HOSPITALBED,PSYCHIATRIC,1000HAB,A,2004,1.07,
CHE,HOSPITALBED,PSYCHIATRIC,1000HAB,A,2005,1.06,
CHE,HOSPITALBED,PSYCHIATRIC,1000HAB,A,2006,1.01,
CHE,HOSPITALBED,PSYCHIATRIC,1000HAB,A,2007,1.02,
CHE,HOSPITALBED,PSYCHIATRIC,1000HAB,A,2008,1,
CHE,HOSPITALBED,PSYCHIATRIC,1000HAB,A,2009,0.98,
CHE,HOSPITALBED,PSYCHIATRIC,1000HAB,A,2010,0.97,
CHE,HOSPITALBED,PSYCHIATRIC,1000HAB,A,2011,0.93,
CHE,HOSPITALBED,PSYCHIATRIC,1000HAB,A,2012,0.93,
CHE,HOSPITALBED,PSYCHIATRIC,1000HAB,A,2013,0.93,
CHE,HOSPITALBED,PSYCHIATRIC,1000HAB,A,2014,0.91,
CHE,HOSPITALBED,PSYCHIATRIC,1000HAB,A,2015,0.92,
CHE,HOSPITALBED,PSYCHIATRIC,1000HAB,A,2016,0.92,
CHE,HOSPITALBED,PSYCHIATRIC,1000HAB,A,2017,0.93,
,,,,,,,
,,,,,,,
,,,,,,,
,,,,,,,
,,,,,,,
,,,,,,,
,,,,,,,
,,,,,,,
,,,,,,,
,,,,,,,
,,,,,,,
,,,,,,,
,,,,,,,
,,,,,,,
,,,,,,,
,,,,,,,
TUR,HOSPITALBED,ACUTE,1000HAB,A,2002,2.46,
TUR,HOSPITALBED,ACUTE,1000HAB,A,2003,2.45,
TUR,HOSPITALBED,ACUTE,1000HAB,A,2004,2.44,
TUR,HOSPITALBED,ACUTE,1000HAB,A,2005,2.47,
TUR,HOSPITALBED,ACUTE,1000HAB,A,2006,2.49,
TUR,HOSPITALBED,ACUTE,1000HAB,A,2007,2.51,
TUR,HOSPITALBED,ACUTE,1000HAB,A,2008,2.55,
TUR,HOSPITALBED,ACUTE,1000HAB,A,2009,2.6,
TUR,HOSPITALBED,ACUTE,1000HAB,A,2010,2.71,
TUR,HOSPITALBED,ACUTE,1000HAB,A,2011,2.6,
TUR,HOSPITALBED,ACUTE,1000HAB,A,2012,2.63,
TUR,HOSPITALBED,ACUTE,1000HAB,A,2013,2.63,
TUR,HOSPITALBED,ACUTE,1000HAB,A,2014,2.65,
TUR,HOSPITALBED,ACUTE,1000HAB,A,2015,2.65,
TUR,HOSPITALBED,ACUTE,1000HAB,A,2016,2.71,
TUR,HOSPITALBED,ACUTE,1000HAB,A,2017,2.78,
TUR,HOSPITALBED,PSYCHIATRIC,1000HAB,A,2002,0.07,
TUR,HOSPITALBED,PSYCHIATRIC,1000HAB,A,2003,0.06,
TUR,HOSPITALBED,PSYCHIATRIC,1000HAB,A,2004,0.06,
TUR,HOSPITALBED,PSYCHIATRIC,1000HAB,A,2005,0.06,
TUR,HOSPITALBED,PSYCHIATRIC,1000HAB,A,2006,0.06,
TUR,HOSPITALBED,PSYCHIATRIC,1000HAB,A,2007,0.05,
TUR,HOSPITALBED,PSYCHIATRIC,1000HAB,A,2008,0.06,
TUR,HOSPITALBED,PSYCHIATRIC,1000HAB,A,2009,0.07,
TUR,HOSPITALBED,PSYCHIATRIC,1000HAB,A,2010,0.06,
TUR,HOSPITALBED,PSYCHIATRIC,1000HAB,A,2011,0.06,
TUR,HOSPITALBED,PSYCHIATRIC,1000HAB,A,2012,0.06,
TUR,HOSPITALBED,PSYCHIATRIC,1000HAB,A,2013,0.06,
TUR,HOSPITALBED,PSYCHIATRIC,1000HAB,A,2014,0.06,
TUR,HOSPITALBED,PSYCHIATRIC,1000HAB,A,2015,0.05,
TUR,HOSPITALBED,PSYCHIATRIC,1000HAB,A,2016,0.05,
TUR,HOSPITALBED,PSYCHIATRIC,1000HAB,A,2017,0.05,
,,,,,,,
,,,,,,,
,,,,,,,
,,,,,,,
,,,,,,,
,,,,,,,
,,,,,,,
,,,,,,,
,,,,,,,
,,,,,,,
,,,,,,,
,,,,,,,
,,,,,,,
,,,,,,,
,,,,,,,
,,,,,,,
,,,,,,,
,,,,,,,
GBR,HOSPITALBED,ACUTE,1000HAB,A,2017,2.11,
GBR,HOSPITALBED,PSYCHIATRIC,1000HAB,A,2000,0.92,
GBR,HOSPITALBED,PSYCHIATRIC,1000HAB,A,2001,0.88,
GBR,HOSPITALBED,PSYCHIATRIC,1000HAB,A,2002,0.85,
GBR,HOSPITALBED,PSYCHIATRIC,1000HAB,A,2003,0.83,
GBR,HOSPITALBED,PSYCHIATRIC,1000HAB,A,2004,0.78,
GBR,HOSPITALBED,PSYCHIATRIC,1000HAB,A,2005,0.74,
GBR,HOSPITALBED,PSYCHIATRIC,1000HAB,A,2006,0.69,
GBR,HOSPITALBED,PSYCHIATRIC,1000HAB,A,2007,0.65,
GBR,HOSPITALBED,PSYCHIATRIC,1000HAB,A,2008,0.63,
GBR,HOSPITALBED,PSYCHIATRIC,1000HAB,A,2009,0.6,
GBR,HOSPITALBED,PSYCHIATRIC,1000HAB,A,2010,0.54,B
GBR,HOSPITALBED,PSYCHIATRIC,1000HAB,A,2011,0.52,
GBR,HOSPITALBED,PSYCHIATRIC,1000HAB,A,2012,0.5,
GBR,HOSPITALBED,PSYCHIATRIC,1000HAB,A,2013,0.48,
GBR,HOSPITALBED,PSYCHIATRIC,1000HAB,A,2014,0.46,
GBR,HOSPITALBED,PSYCHIATRIC,1000HAB,A,2015,0.42,
GBR,HOSPITALBED,PSYCHIATRIC,1000HAB,A,2016,0.4,
GBR,HOSPITALBED,PSYCHIATRIC,1000HAB,A,2017,0.38,
,,,,,,,
,,,,,,,
,,,,,,,
,,,,,,,
,,,,,,,
,,,,,,,
,,,,,,,
,,,,,,,
,,,,,,,
,,,,,,,
,,,,,,,
,,,,,,,
,,,,,,,
,,,,,,,
,,,,,,,
,,,,,,,
,,,,,,,
,,,,,,,
,,,,,,,
,,,,,,,
,,,,,,,
,,,,,,,
,,,,,,,
,,,,,,,
,,,,,,,
,,,,,,,
,,,,,,,
,,,,,,,
,,,,,,,
,,,,,,,
,,,,,,,
,,,,,,,
,,,,,,,
,,,,,,,
,,,,,,,
,,,,,,,
,,,,,,,
,,,,,,,
,,,,,,,
,,,,,,,
,,,,,,,
,,,,,,,
,,,,,,,
,,,,,,,
,,,,,,,
,,,,,,,
,,,,,,,
,,,,,,,
,,,,,,,
USA,HOSPITALBED,ACUTE,1000HAB,A,1960,3.54,
USA,HOSPITALBED,ACUTE,1000HAB,A,1961,3.58,
USA,HOSPITALBED,ACUTE,1000HAB,A,1962,3.63,
USA,HOSPITALBED,ACUTE,1000HAB,A,1963,3.69,
USA,HOSPITALBED,ACUTE,1000HAB,A,1964,3.76,
USA,HOSPITALBED,ACUTE,1000HAB,A,1965,3.82,
USA,HOSPITALBED,ACUTE,1000HAB,A,1966,3.91,
USA,HOSPITALBED,ACUTE,1000HAB,A,1967,3.97,
USA,HOSPITALBED,ACUTE,1000HAB,A,1968,4.02,
USA,HOSPITALBED,ACUTE,1000HAB,A,1969,4.08,
USA,HOSPITALBED,ACUTE,1000HAB,A,1970,4.14,
USA,HOSPITALBED,ACUTE,1000HAB,A,1971,4.18,
USA,HOSPITALBED,ACUTE,1000HAB,A,1972,4.21,
USA,HOSPITALBED,ACUTE,1000HAB,A,1973,4.26,
USA,HOSPITALBED,ACUTE,1000HAB,A,1974,4.35,
USA,HOSPITALBED,ACUTE,1000HAB,A,1975,4.38,
USA,HOSPITALBED,ACUTE,1000HAB,A,1976,4.41,
USA,HOSPITALBED,ACUTE,1000HAB,A,1977,4.42,
USA,HOSPITALBED,ACUTE,1000HAB,A,1978,4.4,
USA,HOSPITALBED,ACUTE,1000HAB,A,1979,4.39,
USA,HOSPITALBED,ACUTE,1000HAB,A,1980,4.37,
USA,HOSPITALBED,ACUTE,1000HAB,A,1981,4.39,
USA,HOSPITALBED,ACUTE,1000HAB,A,1982,4.38,
USA,HOSPITALBED,ACUTE,1000HAB,A,1983,4.37,
USA,HOSPITALBED,ACUTE,1000HAB,A,1984,4.32,
USA,HOSPITALBED,ACUTE,1000HAB,A,1985,4.22,
USA,HOSPITALBED,ACUTE,1000HAB,A,1986,4.09,
USA,HOSPITALBED,ACUTE,1000HAB,A,1987,3.97,
USA,HOSPITALBED,ACUTE,1000HAB,A,1988,3.88,
USA,HOSPITALBED,ACUTE,1000HAB,A,1989,3.79,
USA,HOSPITALBED,ACUTE,1000HAB,A,1990,3.72,
USA,HOSPITALBED,ACUTE,1000HAB,A,1991,3.84,B
USA,HOSPITALBED,ACUTE,1000HAB,A,1992,3.75,
USA,HOSPITALBED,ACUTE,1000HAB,A,1993,3.68,
USA,HOSPITALBED,ACUTE,1000HAB,A,1994,3.54,
USA,HOSPITALBED,ACUTE,1000HAB,A,1995,3.51,B
USA,HOSPITALBED,ACUTE,1000HAB,A,1996,3.42,
USA,HOSPITALBED,ACUTE,1000HAB,A,1997,3.31,
USA,HOSPITALBED,ACUTE,1000HAB,A,1998,3.21,
USA,HOSPITALBED,ACUTE,1000HAB,A,1999,3.1,
USA,HOSPITALBED,ACUTE,1000HAB,A,2000,3.04,
USA,HOSPITALBED,ACUTE,1000HAB,A,2001,3.02,
USA,HOSPITALBED,ACUTE,1000HAB,A,2002,2.96,
USA,HOSPITALBED,ACUTE,1000HAB,A,2003,2.91,
USA,HOSPITALBED,ACUTE,1000HAB,A,2004,2.86,
USA,HOSPITALBED,ACUTE,1000HAB,A,2005,2.8,
USA,HOSPITALBED,ACUTE,1000HAB,A,2006,2.77,
USA,HOSPITALBED,ACUTE,1000HAB,A,2007,2.74,
USA,HOSPITALBED,ACUTE,1000HAB,A,2008,2.72,
USA,HOSPITALBED,ACUTE,1000HAB,A,2009,2.69,
USA,HOSPITALBED,ACUTE,1000HAB,A,2010,2.66,
USA,HOSPITALBED,ACUTE,1000HAB,A,2011,2.6,
USA,HOSPITALBED,ACUTE,1000HAB,A,2012,2.57,
USA,HOSPITALBED,ACUTE,1000HAB,A,2013,2.54,
USA,HOSPITALBED,ACUTE,1000HAB,A,2014,2.49,
USA,HOSPITALBED,ACUTE,1000HAB,A,2015,2.46,
USA,HOSPITALBED,ACUTE,1000HAB,A,2016,2.44,
USA,HOSPITALBED,PSYCHIATRIC,1000HAB,A,1991,0.61,
USA,HOSPITALBED,PSYCHIATRIC,1000HAB,A,1992,0.55,
USA,HOSPITALBED,PSYCHIATRIC,1000HAB,A,1993,0.52,
USA,HOSPITALBED,PSYCHIATRIC,1000HAB,A,1994,0.47,
USA,HOSPITALBED,PSYCHIATRIC,1000HAB,A,1995,0.42,
USA,HOSPITALBED,PSYCHIATRIC,1000HAB,A,1996,0.4,
USA,HOSPITALBED,PSYCHIATRIC,1000HAB,A,1997,0.36,
USA,HOSPITALBED,PSYCHIATRIC,1000HAB,A,1998,0.34,
USA,HOSPITALBED,PSYCHIATRIC,1000HAB,A,1999,0.31,
USA,HOSPITALBED,PSYCHIATRIC,1000HAB,A,2000,0.31,
USA,HOSPITALBED,PSYCHIATRIC,1000HAB,A,2001,0.31,
USA,HOSPITALBED,PSYCHIATRIC,1000HAB,A,2002,0.29,
USA,HOSPITALBED,PSYCHIATRIC,1000HAB,A,2003,0.28,
USA,HOSPITALBED,PSYCHIATRIC,1000HAB,A,2004,0.28,
USA,HOSPITALBED,PSYCHIATRIC,1000HAB,A,2005,0.28,
USA,HOSPITALBED,PSYCHIATRIC,1000HAB,A,2006,0.27,
USA,HOSPITALBED,PSYCHIATRIC,1000HAB,A,2007,0.26,
USA,HOSPITALBED,PSYCHIATRIC,1000HAB,A,2008,0.26,
USA,HOSPITALBED,PSYCHIATRIC,1000HAB,A,2009,0.25,
USA,HOSPITALBED,PSYCHIATRIC,1000HAB,A,2010,0.25,
USA,HOSPITALBED,PSYCHIATRIC,1000HAB,A,2011,0.23,
USA,HOSPITALBED,PSYCHIATRIC,1000HAB,A,2012,0.22,
USA,HOSPITALBED,PSYCHIATRIC,1000HAB,A,2013,0.22,
USA,HOSPITALBED,PSYCHIATRIC,1000HAB,A,2014,0.21,
USA,HOSPITALBED,PSYCHIATRIC,1000HAB,A,2015,0.21,
USA,HOSPITALBED,PSYCHIATRIC,1000HAB,A,2016,0.21,
,,,,,,,
,,,,,,,
,,,,,,,
,,,,,,,
,,,,,,,
,,,,,,,
,,,,,,,
,,,,,,,
,,,,,,,
,,,,,,,
,,,,,,,
,,,,,,,
,,,,,,,
,,,,,,,
,,,,,,,
,,,,,,,
,,,,,,,
,,,,,,,
,,,,,,,
,,,,,,,
CHL,HOSPITALBED,ACUTE,1000HAB,A,2008,2.06,D
CHL,HOSPITALBED,ACUTE,1000HAB,A,2009,1.97,D
CHL,HOSPITALBED,ACUTE,1000HAB,A,2010,1.97,D
CHL,HOSPITALBED,ACUTE,1000HAB,A,2011,2.1,D
CHL,HOSPITALBED,ACUTE,1000HAB,A,2012,2.01,D
CHL,HOSPITALBED,ACUTE,1000HAB,A,2013,2.02,D
CHL,HOSPITALBED,ACUTE,1000HAB,A,2014,1.99,D
CHL,HOSPITALBED,ACUTE,1000HAB,A,2015,2.01,D
CHL,HOSPITALBED,ACUTE,1000HAB,A,2016,1.99,D
CHL,HOSPITALBED,ACUTE,1000HAB,A,2017,1.99,D
CHL,HOSPITALBED,PSYCHIATRIC,1000HAB,A,2008,0.16,
CHL,HOSPITALBED,PSYCHIATRIC,1000HAB,A,2009,0.16,
CHL,HOSPITALBED,PSYCHIATRIC,1000HAB,A,2010,0.17,
CHL,HOSPITALBED,PSYCHIATRIC,1000HAB,A,2011,0.14,
CHL,HOSPITALBED,PSYCHIATRIC,1000HAB,A,2012,0.1,B
CHL,HOSPITALBED,PSYCHIATRIC,1000HAB,A,2013,0.1,
CHL,HOSPITALBED,PSYCHIATRIC,1000HAB,A,2014,0.1,
CHL,HOSPITALBED,PSYCHIATRIC,1000HAB,A,2015,0.1,
CHL,HOSPITALBED,PSYCHIATRIC,1000HAB,A,2016,0.1,
CHL,HOSPITALBED,PSYCHIATRIC,1000HAB,A,2017,0.1,
,,,,,,,
,,,,,,,
,,,,,,,
,,,,,,,
,,,,,,,
,,,,,,,
,,,,,,,
,,,,,,,
,,,,,,,
,,,,,,,
,,,,,,,
,,,,,,,
,,,,,,,
,,,,,,,
,,,,,,,
,,,,,,,
,,,,,,,
,,,,,,,
,,,,,,,
,,,,,,,
,,,,,,,
,,,,,,,
,,,,,,,
,,,,,,,
,,,,,,,
,,,,,,,
,,,,,,,
,,,,,,,
,,,,,,,
,,,,,,,
,,,,,,,
,,,,,,,
,,,,,,,
,,,,,,,
,,,,,,,
,,,,,,,
,,,,,,,
,,,,,,,
,,,,,,,
,,,,,,,
,,,,,,,
,,,,,,,
,,,,,,,
,,,,,,,
,,,,,,,
,,,,,,,
,,,,,,,
,,,,,,,
,,,,,,,
,,,,,,,
,,,,,,,
,,,,,,,
,,,,,,,
,,,,,,,
,,,,,,,
,,,,,,,
,,,,,,,
,,,,,,,
,,,,,,,
,,,,,,,
,,,,,,,
,,,,,,,
,,,,,,,
,,,,,,,
,,,,,,,
,,,,,,,
,,,,,,,
,,,,,,,
,,,,,,,
,,,,,,,
,,,,,,,
,,,,,,,
,,,,,,,
,,,,,,,
,,,,,,,
,,,,,,,
,,,,,,,
,,,,,,,
,,,,,,,
,,,,,,,
,,,,,,,
,,,,,,,
,,,,,,,
,,,,,,,
EST,HOSPITALBED,ACUTE,1000HAB,A,1980,9.63,
EST,HOSPITALBED,ACUTE,1000HAB,A,1985,9.68,
EST,HOSPITALBED,ACUTE,1000HAB,A,1986,9.68,
EST,HOSPITALBED,ACUTE,1000HAB,A,1987,9.58,
EST,HOSPITALBED,ACUTE,1000HAB,A,1988,9.42,
EST,HOSPITALBED,ACUTE,1000HAB,A,1989,9.4,
EST,HOSPITALBED,ACUTE,1000HAB,A,1990,9.19,
EST,HOSPITALBED,ACUTE,1000HAB,A,1991,9.09,
EST,HOSPITALBED,ACUTE,1000HAB,A,1992,7.62,
EST,HOSPITALBED,ACUTE,1000HAB,A,1993,7.55,
EST,HOSPITALBED,ACUTE,1000HAB,A,1994,6.57,
EST,HOSPITALBED,ACUTE,1000HAB,A,1995,6.63,
EST,HOSPITALBED,ACUTE,1000HAB,A,1996,6.12,
EST,HOSPITALBED,ACUTE,1000HAB,A,1997,5.95,
EST,HOSPITALBED,ACUTE,1000HAB,A,1998,5.84,
EST,HOSPITALBED,ACUTE,1000HAB,A,1999,5.77,
EST,HOSPITALBED,ACUTE,1000HAB,A,2000,6,B
EST,HOSPITALBED,ACUTE,1000HAB,A,2001,5.47,
EST,HOSPITALBED,ACUTE,1000HAB,A,2002,4.8,
EST,HOSPITALBED,ACUTE,1000HAB,A,2003,4.59,
EST,HOSPITALBED,ACUTE,1000HAB,A,2004,4.39,
EST,HOSPITALBED,ACUTE,1000HAB,A,2005,4.06,
EST,HOSPITALBED,ACUTE,1000HAB,A,2006,4.19,
EST,HOSPITALBED,ACUTE,1000HAB,A,2007,4.07,
EST,HOSPITALBED,ACUTE,1000HAB,A,2008,4.12,
EST,HOSPITALBED,ACUTE,1000HAB,A,2009,3.9,
EST,HOSPITALBED,ACUTE,1000HAB,A,2010,3.76,
EST,HOSPITALBED,ACUTE,1000HAB,A,2011,3.83,
EST,HOSPITALBED,ACUTE,1000HAB,A,2012,3.85,
EST,HOSPITALBED,ACUTE,1000HAB,A,2013,3.67,
EST,HOSPITALBED,ACUTE,1000HAB,A,2014,3.67,
EST,HOSPITALBED,ACUTE,1000HAB,A,2015,3.68,
EST,HOSPITALBED,ACUTE,1000HAB,A,2016,3.5,
EST,HOSPITALBED,ACUTE,1000HAB,A,2017,3.45,
EST,HOSPITALBED,PSYCHIATRIC,1000HAB,A,1994,1.08,
EST,HOSPITALBED,PSYCHIATRIC,1000HAB,A,1995,1.06,
EST,HOSPITALBED,PSYCHIATRIC,1000HAB,A,1996,1,
EST,HOSPITALBED,PSYCHIATRIC,1000HAB,A,1997,0.97,
EST,HOSPITALBED,PSYCHIATRIC,1000HAB,A,1998,0.89,
EST,HOSPITALBED,PSYCHIATRIC,1000HAB,A,1999,0.81,
EST,HOSPITALBED,PSYCHIATRIC,1000HAB,A,2000,0.78,
EST,HOSPITALBED,PSYCHIATRIC,1000HAB,A,2001,0.67,
EST,HOSPITALBED,PSYCHIATRIC,1000HAB,A,2002,0.64,
EST,HOSPITALBED,PSYCHIATRIC,1000HAB,A,2003,0.56,
EST,HOSPITALBED,PSYCHIATRIC,1000HAB,A,2004,0.5,
EST,HOSPITALBED,PSYCHIATRIC,1000HAB,A,2005,0.53,
EST,HOSPITALBED,PSYCHIATRIC,1000HAB,A,2006,0.55,
EST,HOSPITALBED,PSYCHIATRIC,1000HAB,A,2007,0.55,
EST,HOSPITALBED,PSYCHIATRIC,1000HAB,A,2008,0.56,
EST,HOSPITALBED,PSYCHIATRIC,1000HAB,A,2009,0.54,
EST,HOSPITALBED,PSYCHIATRIC,1000HAB,A,2010,0.53,
EST,HOSPITALBED,PSYCHIATRIC,1000HAB,A,2011,0.54,
EST,HOSPITALBED,PSYCHIATRIC,1000HAB,A,2012,0.54,
EST,HOSPITALBED,PSYCHIATRIC,1000HAB,A,2013,0.56,
EST,HOSPITALBED,PSYCHIATRIC,1000HAB,A,2014,0.56,
EST,HOSPITALBED,PSYCHIATRIC,1000HAB,A,2015,0.55,
EST,HOSPITALBED,PSYCHIATRIC,1000HAB,A,2016,0.54,
EST,HOSPITALBED,PSYCHIATRIC,1000HAB,A,2017,0.53,
,,,,,,,
,,,,,,,
,,,,,,,
,,,,,,,
,,,,,,,
,,,,,,,
,,,,,,,
,,,,,,,
,,,,,,,
,,,,,,,
,,,,,,,
,,,,,,,
,,,,,,,
,,,,,,,
,,,,,,,
,,,,,,,
,,,,,,,
,,,,,,,
,,,,,,,
,,,,,,,
,,,,,,,
,,,,,,,
,,,,,,,
,,,,,,,
,,,,,,,
,,,,,,,
,,,,,,,
,,,,,,,
,,,,,,,
,,,,,,,
,,,,,,,
,,,,,,,
,,,,,,,
,,,,,,,
,,,,,,,
,,,,,,,
,,,,,,,
,,,,,,,
,,,,,,,
,,,,,,,
,,,,,,,
,,,,,,,
,,,,,,,
,,,,,,,
,,,,,,,
,,,,,,,
,,,,,,,
,,,,,,,
,,,,,,,
,,,,,,,
,,,,,,,
,,,,,,,
,,,,,,,
,,,,,,,
,,,,,,,
,,,,,,,
,,,,,,,
,,,,,,,
,,,,,,,
,,,,,,,
,,,,,,,
,,,,,,,
,,,,,,,
,,,,,,,
,,,,,,,
,,,,,,,
,,,,,,,
,,,,,,,
,,,,,,,
,,,,,,,
,,,,,,,
,,,,,,,
,,,,,,,
,,,,,,,
ISR,HOSPITALBED,ACUTE,1000HAB,A,1988,3.68,
ISR,HOSPITALBED,ACUTE,1000HAB,A,1989,3.61,
ISR,HOSPITALBED,ACUTE,1000HAB,A,1990,3.54,
ISR,HOSPITALBED,ACUTE,1000HAB,A,1991,3.38,
ISR,HOSPITALBED,ACUTE,1000HAB,A,1992,3.32,
ISR,HOSPITALBED,ACUTE,1000HAB,A,1993,3.27,
ISR,HOSPITALBED,ACUTE,1000HAB,A,1994,3.21,
ISR,HOSPITALBED,ACUTE,1000HAB,A,1995,3.14,
ISR,HOSPITALBED,ACUTE,1000HAB,A,1996,3.08,
ISR,HOSPITALBED,ACUTE,1000HAB,A,1997,3.04,
ISR,HOSPITALBED,ACUTE,1000HAB,A,1998,3,
ISR,HOSPITALBED,ACUTE,1000HAB,A,1999,2.96,
ISR,HOSPITALBED,ACUTE,1000HAB,A,2000,2.92,
ISR,HOSPITALBED,ACUTE,1000HAB,A,2001,2.86,
ISR,HOSPITALBED,ACUTE,1000HAB,A,2002,2.81,
ISR,HOSPITALBED,ACUTE,1000HAB,A,2003,2.77,
ISR,HOSPITALBED,ACUTE,1000HAB,A,2004,2.73,
ISR,HOSPITALBED,ACUTE,1000HAB,A,2005,2.71,
ISR,HOSPITALBED,ACUTE,1000HAB,A,2006,2.52,
ISR,HOSPITALBED,ACUTE,1000HAB,A,2007,2.48,
ISR,HOSPITALBED,ACUTE,1000HAB,A,2008,2.44,
ISR,HOSPITALBED,ACUTE,1000HAB,A,2009,2.38,
ISR,HOSPITALBED,ACUTE,1000HAB,A,2010,2.36,
ISR,HOSPITALBED,ACUTE,1000HAB,A,2011,2.32,
ISR,HOSPITALBED,ACUTE,1000HAB,A,2012,2.3,
ISR,HOSPITALBED,ACUTE,1000HAB,A,2013,2.31,
ISR,HOSPITALBED,ACUTE,1000HAB,A,2014,2.29,
ISR,HOSPITALBED,ACUTE,1000HAB,A,2015,2.25,
ISR,HOSPITALBED,ACUTE,1000HAB,A,2016,2.22,
ISR,HOSPITALBED,ACUTE,1000HAB,A,2017,2.2,
ISR,HOSPITALBED,ACUTE,1000HAB,A,2018,2.19,
ISR,HOSPITALBED,PSYCHIATRIC,1000HAB,A,1988,1.66,
ISR,HOSPITALBED,PSYCHIATRIC,1000HAB,A,1989,1.58,
ISR,HOSPITALBED,PSYCHIATRIC,1000HAB,A,1990,1.53,
ISR,HOSPITALBED,PSYCHIATRIC,1000HAB,A,1991,1.44,
ISR,HOSPITALBED,PSYCHIATRIC,1000HAB,A,1992,1.39,
ISR,HOSPITALBED,PSYCHIATRIC,1000HAB,A,1993,1.36,
ISR,HOSPITALBED,PSYCHIATRIC,1000HAB,A,1994,1.31,
ISR,HOSPITALBED,PSYCHIATRIC,1000HAB,A,1995,1.22,
ISR,HOSPITALBED,PSYCHIATRIC,1000HAB,A,1996,1.18,
ISR,HOSPITALBED,PSYCHIATRIC,1000HAB,A,1997,1.08,
ISR,HOSPITALBED,PSYCHIATRIC,1000HAB,A,1998,1.05,
ISR,HOSPITALBED,PSYCHIATRIC,1000HAB,A,1999,0.99,
ISR,HOSPITALBED,PSYCHIATRIC,1000HAB,A,2000,0.89,
ISR,HOSPITALBED,PSYCHIATRIC,1000HAB,A,2001,0.85,
ISR,HOSPITALBED,PSYCHIATRIC,1000HAB,A,2002,0.83,
ISR,HOSPITALBED,PSYCHIATRIC,1000HAB,A,2003,0.82,
ISR,HOSPITALBED,PSYCHIATRIC,1000HAB,A,2004,0.8,
ISR,HOSPITALBED,PSYCHIATRIC,1000HAB,A,2005,0.77,
ISR,HOSPITALBED,PSYCHIATRIC,1000HAB,A,2006,0.49,
ISR,HOSPITALBED,PSYCHIATRIC,1000HAB,A,2007,0.48,
ISR,HOSPITALBED,PSYCHIATRIC,1000HAB,A,2008,0.47,
ISR,HOSPITALBED,PSYCHIATRIC,1000HAB,A,2009,0.46,
ISR,HOSPITALBED,PSYCHIATRIC,1000HAB,A,2010,0.45,
ISR,HOSPITALBED,PSYCHIATRIC,1000HAB,A,2011,0.45,
ISR,HOSPITALBED,PSYCHIATRIC,1000HAB,A,2012,0.44,
ISR,HOSPITALBED,PSYCHIATRIC,1000HAB,A,2013,0.42,
ISR,HOSPITALBED,PSYCHIATRIC,1000HAB,A,2014,0.43,
ISR,HOSPITALBED,PSYCHIATRIC,1000HAB,A,2015,0.42,
ISR,HOSPITALBED,PSYCHIATRIC,1000HAB,A,2016,0.42,
ISR,HOSPITALBED,PSYCHIATRIC,1000HAB,A,2017,0.41,
ISR,HOSPITALBED,PSYCHIATRIC,1000HAB,A,2018,0.4,
,,,,,,,
,,,,,,,
,,,,,,,
,,,,,,,
,,,,,,,
,,,,,,,
,,,,,,,
,,,,,,,
,,,,,,,
,,,,,,,
,,,,,,,
,,,,,,,
,,,,,,,
,,,,,,,
,,,,,,,
,,,,,,,
,,,,,,,
,,,,,,,
,,,,,,,
,,,,,,,
,,,,,,,
,,,,,,,
,,,,,,,
,,,,,,,
,,,,,,,
,,,,,,,
,,,,,,,
,,,,,,,
,,,,,,,
,,,,,,,
,,,,,,,
,,,,,,,
,,,,,,,
,,,,,,,
,,,,,,,
,,,,,,,
,,,,,,,
,,,,,,,
,,,,,,,
,,,,,,,
,,,,,,,
,,,,,,,
,,,,,,,
,,,,,,,
,,,,,,,
,,,,,,,
,,,,,,,
,,,,,,,
,,,,,,,
,,,,,,,
,,,,,,,
,,,,,,,
,,,,,,,
,,,,,,,
,,,,,,,
,,,,,,,
,,,,,,,
,,,,,,,
,,,,,,,
,,,,,,,
,,,,,,,
,,,,,,,
,,,,,,,
,,,,,,,
,,,,,,,
,,,,,,,
,,,,,,,
SVN,HOSPITALBED,ACUTE,1000HAB,A,1980,6.74,D
SVN,HOSPITALBED,ACUTE,1000HAB,A,1985,6.25,D
SVN,HOSPITALBED,ACUTE,1000HAB,A,1986,6.14,D
SVN,HOSPITALBED,ACUTE,1000HAB,A,1987,6.04,D
SVN,HOSPITALBED,ACUTE,1000HAB,A,1988,5.96,D
SVN,HOSPITALBED,ACUTE,1000HAB,A,1989,5.88,D
SVN,HOSPITALBED,ACUTE,1000HAB,A,1990,5.86,D
SVN,HOSPITALBED,ACUTE,1000HAB,A,1991,5.83,D
SVN,HOSPITALBED,ACUTE,1000HAB,A,1992,5.75,D
SVN,HOSPITALBED,ACUTE,1000HAB,A,1993,5.61,D
SVN,HOSPITALBED,ACUTE,1000HAB,A,1994,5.59,D
SVN,HOSPITALBED,ACUTE,1000HAB,A,1995,5.55,D
SVN,HOSPITALBED,ACUTE,1000HAB,A,1996,5.49,D
SVN,HOSPITALBED,ACUTE,1000HAB,A,1997,5.47,D
SVN,HOSPITALBED,ACUTE,1000HAB,A,1998,5.42,D
SVN,HOSPITALBED,ACUTE,1000HAB,A,1999,5.35,D
SVN,HOSPITALBED,ACUTE,1000HAB,A,2000,5.23,D
SVN,HOSPITALBED,ACUTE,1000HAB,A,2001,4.99,D
SVN,HOSPITALBED,ACUTE,1000HAB,A,2002,4.89,D
SVN,HOSPITALBED,ACUTE,1000HAB,A,2003,4.75,D
SVN,HOSPITALBED,ACUTE,1000HAB,A,2004,4.59,D
SVN,HOSPITALBED,ACUTE,1000HAB,A,2005,4.61,D
SVN,HOSPITALBED,ACUTE,1000HAB,A,2006,4.55,D
SVN,HOSPITALBED,ACUTE,1000HAB,A,2007,4.45,D
SVN,HOSPITALBED,ACUTE,1000HAB,A,2008,4.52,D
SVN,HOSPITALBED,ACUTE,1000HAB,A,2009,4.37,D
SVN,HOSPITALBED,ACUTE,1000HAB,A,2010,4.33,D
SVN,HOSPITALBED,ACUTE,1000HAB,A,2011,4.34,D
SVN,HOSPITALBED,ACUTE,1000HAB,A,2012,4.28,D
SVN,HOSPITALBED,ACUTE,1000HAB,A,2013,4.25,D
SVN,HOSPITALBED,ACUTE,1000HAB,A,2014,4.24,D
SVN,HOSPITALBED,ACUTE,1000HAB,A,2015,4.22,D
SVN,HOSPITALBED,ACUTE,1000HAB,A,2016,4.19,D
SVN,HOSPITALBED,ACUTE,1000HAB,A,2017,4.2,D
SVN,HOSPITALBED,PSYCHIATRIC,1000HAB,A,1980,0.96,
SVN,HOSPITALBED,PSYCHIATRIC,1000HAB,A,1985,0.83,
SVN,HOSPITALBED,PSYCHIATRIC,1000HAB,A,1986,0.82,
SVN,HOSPITALBED,PSYCHIATRIC,1000HAB,A,1987,0.81,
SVN,HOSPITALBED,PSYCHIATRIC,1000HAB,A,1988,0.81,
SVN,HOSPITALBED,PSYCHIATRIC,1000HAB,A,1989,0.81,
SVN,HOSPITALBED,PSYCHIATRIC,1000HAB,A,1990,0.81,
SVN,HOSPITALBED,PSYCHIATRIC,1000HAB,A,1991,0.81,
SVN,HOSPITALBED,PSYCHIATRIC,1000HAB,A,1992,0.81,
SVN,HOSPITALBED,PSYCHIATRIC,1000HAB,A,1993,0.8,
SVN,HOSPITALBED,PSYCHIATRIC,1000HAB,A,1994,0.8,
SVN,HOSPITALBED,PSYCHIATRIC,1000HAB,A,1995,0.8,
SVN,HOSPITALBED,PSYCHIATRIC,1000HAB,A,1996,0.8,
SVN,HOSPITALBED,PSYCHIATRIC,1000HAB,A,1997,0.8,
SVN,HOSPITALBED,PSYCHIATRIC,1000HAB,A,1998,0.8,
SVN,HOSPITALBED,PSYCHIATRIC,1000HAB,A,1999,0.78,
SVN,HOSPITALBED,PSYCHIATRIC,1000HAB,A,2000,0.77,
SVN,HOSPITALBED,PSYCHIATRIC,1000HAB,A,2001,0.75,
SVN,HOSPITALBED,PSYCHIATRIC,1000HAB,A,2002,0.74,
SVN,HOSPITALBED,PSYCHIATRIC,1000HAB,A,2003,0.74,
SVN,HOSPITALBED,PSYCHIATRIC,1000HAB,A,2004,0.74,
SVN,HOSPITALBED,PSYCHIATRIC,1000HAB,A,2005,0.74,
SVN,HOSPITALBED,PSYCHIATRIC,1000HAB,A,2006,0.71,
SVN,HOSPITALBED,PSYCHIATRIC,1000HAB,A,2007,0.68,
SVN,HOSPITALBED,PSYCHIATRIC,1000HAB,A,2008,0.69,
SVN,HOSPITALBED,PSYCHIATRIC,1000HAB,A,2009,0.66,
SVN,HOSPITALBED,PSYCHIATRIC,1000HAB,A,2010,0.65,
SVN,HOSPITALBED,PSYCHIATRIC,1000HAB,A,2011,0.65,
SVN,HOSPITALBED,PSYCHIATRIC,1000HAB,A,2012,0.67,
SVN,HOSPITALBED,PSYCHIATRIC,1000HAB,A,2013,0.66,
SVN,HOSPITALBED,PSYCHIATRIC,1000HAB,A,2014,0.66,
SVN,HOSPITALBED,PSYCHIATRIC,1000HAB,A,2015,0.67,
SVN,HOSPITALBED,PSYCHIATRIC,1000HAB,A,2016,0.66,
SVN,HOSPITALBED,PSYCHIATRIC,1000HAB,A,2017,0.66,
,,,,,,,
,,,,,,,
,,,,,,,
,,,,,,,
,,,,,,,
,,,,,,,
,,,,,,,
,,,,,,,
,,,,,,,
,,,,,,,
,,,,,,,
,,,,,,,
,,,,,,,
,,,,,,,
,,,,,,,
,,,,,,,
,,,,,,,
,,,,,,,
,,,,,,,
,,,,,,,
,,,,,,,
,,,,,,,
,,,,,,,
,,,,,,,
,,,,,,,
,,,,,,,
,,,,,,,
,,,,,,,
,,,,,,,
,,,,,,,
,,,,,,,
,,,,,,,
,,,,,,,
,,,,,,,
,,,,,,,
,,,,,,,
,,,,,,,
,,,,,,,
,,,,,,,
,,,,,,,
,,,,,,,
,,,,,,,
,,,,,,,
,,,,,,,
,,,,,,,
,,,,,,,
,,,,,,,
,,,,,,,
,,,,,,,
,,,,,,,
,,,,,,,
LVA,HOSPITALBED,ACUTE,1000HAB,A,1980,11.83,
LVA,HOSPITALBED,ACUTE,1000HAB,A,1985,11.58,
LVA,HOSPITALBED,ACUTE,1000HAB,A,1986,12.09,
LVA,HOSPITALBED,ACUTE,1000HAB,A,1987,12.16,
LVA,HOSPITALBED,ACUTE,1000HAB,A,1988,12.03,
LVA,HOSPITALBED,ACUTE,1000HAB,A,1989,9.97,
LVA,HOSPITALBED,ACUTE,1000HAB,A,1990,9.97,
LVA,HOSPITALBED,ACUTE,1000HAB,A,1991,10.19,
LVA,HOSPITALBED,ACUTE,1000HAB,A,1992,9.79,
LVA,HOSPITALBED,ACUTE,1000HAB,A,1993,9.41,
LVA,HOSPITALBED,ACUTE,1000HAB,A,1994,9.16,
LVA,HOSPITALBED,ACUTE,1000HAB,A,1995,8.32,
LVA,HOSPITALBED,ACUTE,1000HAB,A,1996,7.36,
LVA,HOSPITALBED,ACUTE,1000HAB,A,1997,6.95,
LVA,HOSPITALBED,ACUTE,1000HAB,A,1998,6.7,
LVA,HOSPITALBED,ACUTE,1000HAB,A,1999,6.46,
LVA,HOSPITALBED,ACUTE,1000HAB,A,2000,6.12,B
LVA,HOSPITALBED,ACUTE,1000HAB,A,2001,5.78,
LVA,HOSPITALBED,ACUTE,1000HAB,A,2002,5.52,
LVA,HOSPITALBED,ACUTE,1000HAB,A,2003,5.52,
LVA,HOSPITALBED,ACUTE,1000HAB,A,2004,5.46,
LVA,HOSPITALBED,ACUTE,1000HAB,A,2005,5.39,
LVA,HOSPITALBED,ACUTE,1000HAB,A,2006,5.33,
LVA,HOSPITALBED,ACUTE,1000HAB,A,2007,5.31,
LVA,HOSPITALBED,ACUTE,1000HAB,A,2008,5.28,
LVA,HOSPITALBED,ACUTE,1000HAB,A,2009,4.5,
LVA,HOSPITALBED,ACUTE,1000HAB,A,2010,3.54,
LVA,HOSPITALBED,ACUTE,1000HAB,A,2011,3.58,
LVA,HOSPITALBED,ACUTE,1000HAB,A,2012,3.56,
LVA,HOSPITALBED,ACUTE,1000HAB,A,2013,3.5,
LVA,HOSPITALBED,ACUTE,1000HAB,A,2014,3.38,
LVA,HOSPITALBED,ACUTE,1000HAB,A,2015,3.39,
LVA,HOSPITALBED,ACUTE,1000HAB,A,2016,3.41,
LVA,HOSPITALBED,ACUTE,1000HAB,A,2017,3.3,
LVA,HOSPITALBED,PSYCHIATRIC,1000HAB,A,1980,2.06,
LVA,HOSPITALBED,PSYCHIATRIC,1000HAB,A,1985,2.06,
LVA,HOSPITALBED,PSYCHIATRIC,1000HAB,A,1986,2.1,
LVA,HOSPITALBED,PSYCHIATRIC,1000HAB,A,1987,2.08,
LVA,HOSPITALBED,PSYCHIATRIC,1000HAB,A,1988,2.07,
LVA,HOSPITALBED,PSYCHIATRIC,1000HAB,A,1989,2.65,
LVA,HOSPITALBED,PSYCHIATRIC,1000HAB,A,1990,2.6,
LVA,HOSPITALBED,PSYCHIATRIC,1000HAB,A,1991,2.4,
LVA,HOSPITALBED,PSYCHIATRIC,1000HAB,A,1992,2.25,
LVA,HOSPITALBED,PSYCHIATRIC,1000HAB,A,1993,2.26,
LVA,HOSPITALBED,PSYCHIATRIC,1000HAB,A,1994,2.21,
LVA,HOSPITALBED,PSYCHIATRIC,1000HAB,A,1995,2.19,
LVA,HOSPITALBED,PSYCHIATRIC,1000HAB,A,1996,1.98,
LVA,HOSPITALBED,PSYCHIATRIC,1000HAB,A,1997,1.96,
LVA,HOSPITALBED,PSYCHIATRIC,1000HAB,A,1998,1.98,
LVA,HOSPITALBED,PSYCHIATRIC,1000HAB,A,1999,1.84,
LVA,HOSPITALBED,PSYCHIATRIC,1000HAB,A,2000,1.86,B
LVA,HOSPITALBED,PSYCHIATRIC,1000HAB,A,2001,1.72,
LVA,HOSPITALBED,PSYCHIATRIC,1000HAB,A,2002,1.6,
LVA,HOSPITALBED,PSYCHIATRIC,1000HAB,A,2003,1.59,
LVA,HOSPITALBED,PSYCHIATRIC,1000HAB,A,2004,1.6,
LVA,HOSPITALBED,PSYCHIATRIC,1000HAB,A,2005,1.59,
LVA,HOSPITALBED,PSYCHIATRIC,1000HAB,A,2006,1.59,
LVA,HOSPITALBED,PSYCHIATRIC,1000HAB,A,2007,1.6,
LVA,HOSPITALBED,PSYCHIATRIC,1000HAB,A,2008,1.61,
LVA,HOSPITALBED,PSYCHIATRIC,1000HAB,A,2009,1.41,
LVA,HOSPITALBED,PSYCHIATRIC,1000HAB,A,2010,1.28,
LVA,HOSPITALBED,PSYCHIATRIC,1000HAB,A,2011,1.29,
LVA,HOSPITALBED,PSYCHIATRIC,1000HAB,A,2012,1.29,
LVA,HOSPITALBED,PSYCHIATRIC,1000HAB,A,2013,1.25,
LVA,HOSPITALBED,PSYCHIATRIC,1000HAB,A,2014,1.26,
LVA,HOSPITALBED,PSYCHIATRIC,1000HAB,A,2015,1.26,
LVA,HOSPITALBED,PSYCHIATRIC,1000HAB,A,2016,1.28,
LVA,HOSPITALBED,PSYCHIATRIC,1000HAB,A,2017,1.25,
,,,,,,,
,,,,,,,
,,,,,,,
,,,,,,,
,,,,,,,
,,,,,,,
,,,,,,,
,,,,,,,
,,,,,,,
,,,,,,,
,,,,,,,
,,,,,,,
,,,,,,,
,,,,,,,
,,,,,,,
,,,,,,,
,,,,,,,
,,,,,,,
,,,,,,,
,,,,,,,
,,,,,,,
,,,,,,,
,,,,,,,
,,,,,,,
,,,,,,,
,,,,,,,
,,,,,,,
,,,,,,,
,,,,,,,
,,,,,,,
,,,,,,,
,,,,,,,
,,,,,,,
,,,,,,,
,,,,,,,
,,,,,,,
,,,,,,,
,,,,,,,
,,,,,,,
,,,,,,,
,,,,,,,
,,,,,,,
,,,,,,,
,,,,,,,
,,,,,,,
,,,,,,,
,,,,,,,
,,,,,,,
,,,,,,,
,,,,,,,
,,,,,,,
,,,,,,,
,,,,,,,
,,,,,,,
,,,,,,,
,,,,,,,
,,,,,,,
,,,,,,,
LTU,HOSPITALBED,ACUTE,1000HAB,A,1992,11.06,E
LTU,HOSPITALBED,ACUTE,1000HAB,A,1993,10.88,E
LTU,HOSPITALBED,ACUTE,1000HAB,A,1994,10.22,E
LTU,HOSPITALBED,ACUTE,1000HAB,A,1995,9.99,E
LTU,HOSPITALBED,ACUTE,1000HAB,A,1996,9.69,E
LTU,HOSPITALBED,ACUTE,1000HAB,A,1997,8.72,E
LTU,HOSPITALBED,ACUTE,1000HAB,A,1998,7.97,E
LTU,HOSPITALBED,ACUTE,1000HAB,A,1999,7.77,E
LTU,HOSPITALBED,ACUTE,1000HAB,A,2000,7.62,E
LTU,HOSPITALBED,ACUTE,1000HAB,A,2001,7.27,E
LTU,HOSPITALBED,ACUTE,1000HAB,A,2002,6.97,E
LTU,HOSPITALBED,ACUTE,1000HAB,A,2003,6.75,E
LTU,HOSPITALBED,ACUTE,1000HAB,A,2004,6.51,E
LTU,HOSPITALBED,ACUTE,1000HAB,A,2005,6.27,E
LTU,HOSPITALBED,ACUTE,1000HAB,A,2006,6.14,E
LTU,HOSPITALBED,ACUTE,1000HAB,A,2007,6.17,E
LTU,HOSPITALBED,ACUTE,1000HAB,A,2008,6.16,E
LTU,HOSPITALBED,ACUTE,1000HAB,A,2009,6.16,E
LTU,HOSPITALBED,ACUTE,1000HAB,A,2010,6.13,E
LTU,HOSPITALBED,ACUTE,1000HAB,A,2011,6.25,E
LTU,HOSPITALBED,ACUTE,1000HAB,A,2012,6.27,E
LTU,HOSPITALBED,ACUTE,1000HAB,A,2013,6.19,E
LTU,HOSPITALBED,ACUTE,1000HAB,A,2014,6.1,E
LTU,HOSPITALBED,ACUTE,1000HAB,A,2015,5.86,E
LTU,HOSPITALBED,ACUTE,1000HAB,A,2016,5.59,E
LTU,HOSPITALBED,ACUTE,1000HAB,A,2017,5.47,E
LTU,HOSPITALBED,PSYCHIATRIC,1000HAB,A,1980,1.66,
LTU,HOSPITALBED,PSYCHIATRIC,1000HAB,A,1981,1.73,
LTU,HOSPITALBED,PSYCHIATRIC,1000HAB,A,1982,1.81,
LTU,HOSPITALBED,PSYCHIATRIC,1000HAB,A,1983,1.83,
LTU,HOSPITALBED,PSYCHIATRIC,1000HAB,A,1984,1.9,
LTU,HOSPITALBED,PSYCHIATRIC,1000HAB,A,1985,1.87,
LTU,HOSPITALBED,PSYCHIATRIC,1000HAB,A,1986,1.87,
LTU,HOSPITALBED,PSYCHIATRIC,1000HAB,A,1987,1.92,
LTU,HOSPITALBED,PSYCHIATRIC,1000HAB,A,1988,1.92,
LTU,HOSPITALBED,PSYCHIATRIC,1000HAB,A,1989,1.91,
LTU,HOSPITALBED,PSYCHIATRIC,1000HAB,A,1990,1.65,
LTU,HOSPITALBED,PSYCHIATRIC,1000HAB,A,1991,1.6,
LTU,HOSPITALBED,PSYCHIATRIC,1000HAB,A,1992,1.49,
LTU,HOSPITALBED,PSYCHIATRIC,1000HAB,A,1993,1.47,
LTU,HOSPITALBED,PSYCHIATRIC,1000HAB,A,1994,1.36,
LTU,HOSPITALBED,PSYCHIATRIC,1000HAB,A,1995,1.34,
LTU,HOSPITALBED,PSYCHIATRIC,1000HAB,A,1996,1.33,
LTU,HOSPITALBED,PSYCHIATRIC,1000HAB,A,1997,1.29,
LTU,HOSPITALBED,PSYCHIATRIC,1000HAB,A,1998,1.25,
LTU,HOSPITALBED,PSYCHIATRIC,1000HAB,A,1999,1.27,
LTU,HOSPITALBED,PSYCHIATRIC,1000HAB,A,2000,1.28,
LTU,HOSPITALBED,PSYCHIATRIC,1000HAB,A,2001,1.23,
LTU,HOSPITALBED,PSYCHIATRIC,1000HAB,A,2002,1.11,
LTU,HOSPITALBED,PSYCHIATRIC,1000HAB,A,2003,1.09,
LTU,HOSPITALBED,PSYCHIATRIC,1000HAB,A,2004,1.09,
LTU,HOSPITALBED,PSYCHIATRIC,1000HAB,A,2005,1.06,
LTU,HOSPITALBED,PSYCHIATRIC,1000HAB,A,2006,1.06,
LTU,HOSPITALBED,PSYCHIATRIC,1000HAB,A,2007,1.07,
LTU,HOSPITALBED,PSYCHIATRIC,1000HAB,A,2008,1.08,
LTU,HOSPITALBED,PSYCHIATRIC,1000HAB,A,2009,1.08,
LTU,HOSPITALBED,PSYCHIATRIC,1000HAB,A,2010,1.07,
LTU,HOSPITALBED,PSYCHIATRIC,1000HAB,A,2011,1.11,
LTU,HOSPITALBED,PSYCHIATRIC,1000HAB,A,2012,1.11,
LTU,HOSPITALBED,PSYCHIATRIC,1000HAB,A,2013,1.1,
LTU,HOSPITALBED,PSYCHIATRIC,1000HAB,A,2014,1.08,
LTU,HOSPITALBED,PSYCHIATRIC,1000HAB,A,2015,1.03,
LTU,HOSPITALBED,PSYCHIATRIC,1000HAB,A,2016,1.01,
LTU,HOSPITALBED,PSYCHIATRIC,1000HAB,A,2017,0.99,
